CNN,Street_name,ST_TYPE,NHOOD,CNNTEXT,shape
164000,03RD,ST,Financial District South,164000,"LINESTRING (-122.40302819316682 37.787024418418966, -122.40257522800539 37.78667820867163)"
171000,03RD,ST,Financial District South,171000,"LINESTRING (-122.39794293881961 37.782997897080236, -122.39738553904088 37.78255359330762)"
170000,03RD,ST,Financial District South,170000,"LINESTRING (-122.39893033171637 37.78378493342819, -122.39794293881961 37.782997897080236)"
174000,03RD,ST,Financial District South,174000,"LINESTRING (-122.39637951941779 37.781750283929924, -122.39584349887906 37.78132125731994)"
168000,03RD,ST,Financial District South,168000,"LINESTRING (-122.40046848439732 37.78503028445486, -122.3994598243438 37.784213640305616)"
175000,03RD,ST,Financial District South,175000,"LINESTRING (-122.39584349887906 37.78132125731994, -122.39551775267738 37.781062140675495)"
172000,03RD,ST,Financial District South,172000,"LINESTRING (-122.39738553904088 37.78255359330762, -122.39684142722312 37.782119121396924)"
173000,03RD,ST,Financial District South,173000,"LINESTRING (-122.39684142722312 37.782119121396924, -122.39637951941779 37.781750283929924)"
169000,03RD,ST,Financial District South,169000,"LINESTRING (-122.3994598243438 37.784213640305616, -122.39893033171637 37.78378493342819)"
166000,03RD,ST,Financial District South,166000,"LINESTRING (-122.40202541968891 37.786248151755245, -122.40148983603457 37.785829214095656)"
176000,03RD,ST,Financial District South,176000,"LINESTRING (-122.39551775267738 37.781062140675495, -122.39506495202258 37.780700560311054)"
178000,03RD,ST,Financial District South,178000,"LINESTRING (-122.39463146332238 37.780354394523904, -122.39430003701878 37.78008973001855)"
163000,03RD,ST,Financial District South,163000,"LINESTRING (-122.40343080167585 37.78764184824398, -122.4033426414218 37.787274627957395, -122.40302819316682 37.787024418418966)"
165000,03RD,ST,Financial District South,165000,"LINESTRING (-122.40257522800539 37.78667820867163, -122.40202541968891 37.786248151755245)"
177000,03RD,ST,Financial District South,177000,"LINESTRING (-122.39506495202258 37.780700560311054, -122.39463146332238 37.780354394523904)"
167000,03RD,ST,Financial District South,167000,"LINESTRING (-122.40148983603457 37.785829214095656, -122.40046848439732 37.78503028445486)"
252000,04TH,ST,Financial District South,252000,"LINESTRING (-122.404266872172 37.78447874460379, -122.40371175342233 37.7840444381193)"
251000,04TH,ST,Financial District South,251000,"LINESTRING (-122.4047950616453 37.78490829998593, -122.404266872172 37.78447874460379)"
249000,04TH,ST,Financial District South,249000,"LINESTRING (-122.40583101150831 37.785743989064436, -122.40523571192135 37.78526509817589)"
253000,04TH,ST,Financial District South,253000,"LINESTRING (-122.40371175342233 37.7840444381193, -122.40270815370037 37.78325923636659)"
254000,04TH,ST,Financial District South,254000,"LINESTRING (-122.40270815370037 37.78325923636659, -122.40169620350235 37.78245274285242)"
255000,04TH,ST,Financial District South,255000,"LINESTRING (-122.40169620350235 37.78245274285242, -122.40115971996607 37.78202426733675)"
257000,04TH,ST,Financial District South,257000,"LINESTRING (-122.40061307127628 37.78158766566779, -122.40014963687271 37.78121752059873)"
258000,04TH,ST,Financial District South,258000,"LINESTRING (-122.40014963687271 37.78121752059873, -122.3996162321739 37.78079148266775)"
260000,04TH,ST,Financial District South,260000,"LINESTRING (-122.3990796342389 37.78036288760159, -122.39859952077371 37.779979400398545)"
261000,04TH,ST,Financial District South,261000,"LINESTRING (-122.39859952077371 37.779979400398545, -122.39805994017591 37.779566911144606)"
263000,04TH,ST,Financial District South,263000,"LINESTRING (-122.39753890654163 37.77913222356648, -122.39706171665472 37.77875105308997)"
264000,04TH,ST,Financial District South,264000,"LINESTRING (-122.39706171665472 37.77875105308997, -122.39653063788043 37.778326831010745)"
250000,04TH,ST,Financial District South,250000,"LINESTRING (-122.40523571192135 37.78526509817589, -122.4047950616453 37.78490829998593)"
256000,04TH,ST,Financial District South,256000,"LINESTRING (-122.40115971996607 37.78202426733675, -122.40061307127628 37.78158766566779)"
262000,04TH,ST,Financial District South,262000,"LINESTRING (-122.39805994017591 37.779566911144606, -122.39753890654163 37.77913222356648)"
259000,04TH,ST,Financial District South,259000,"LINESTRING (-122.3996162321739 37.78079148266775, -122.3990796342389 37.78036288760159)"
919101,19TH,AVE,Inner Parkside,919101,"LINESTRING (-122.47590201993778 37.746782037071334, -122.47583731534847 37.74667468993467, -122.47572251971171 37.745030954628135, -122.475773243073 37.74491871788255)"
909201,19TH,AVE,Central Sunset,909201,"LINESTRING (-122.4773083942968 37.76544798680642, -122.47736532841897 37.76531506230176, -122.47725104665236 37.76366880098928, -122.47717411099796 37.76355949903919)"
918201,19TH,AVE,Parkside,918201,"LINESTRING (-122.47603309832643 37.74864750741715, -122.47608734050185 37.74853671677247, -122.47597279025244 37.74688876026927, -122.47590201993778 37.746782037071334)"
918101,19TH,AVE,Inner Parkside,918101,"LINESTRING (-122.47603309832643 37.74864750741715, -122.47596166857649 37.74854201604756, -122.47584713821274 37.7468943116883, -122.47590201993778 37.746782037071334)"
917201,19TH,AVE,Parkside,917201,"LINESTRING (-122.47616321405218 37.7505122780919, -122.47621601432851 37.75039900469322, -122.47610170237657 37.748754544516665, -122.47603309832643 37.74864750741715)"
920101,19TH,AVE,Inner Parkside,920101,"LINESTRING (-122.475773243073 37.74491871788255, -122.47570720267964 37.74481161058825, -122.4755931106177 37.74317784903712, -122.47564446805146 37.743051813031045)"
919201,19TH,AVE,Parkside,919201,"LINESTRING (-122.47590201993778 37.746782037071334, -122.47595409320948 37.74666954681424, -122.47583929841663 37.7450258539654, -122.475773243073 37.74491871788255)"
920201,19TH,AVE,Parkside,920201,"LINESTRING (-122.475773243073 37.74491871788255, -122.47582397648317 37.74480645408196, -122.47570988300177 37.74317270615755, -122.47564446805146 37.743051813031045)"
915201,19TH,AVE,Central Sunset,915201,"LINESTRING (-122.4764235220484 37.754242188411716, -122.47647976868542 37.754129361070355, -122.47636427710691 37.752483845631225, -122.47629223961219 37.75237859882786)"
910101,19TH,AVE,Inner Sunset,910101,"LINESTRING (-122.47717411099796 37.76355949903919, -122.47710095208996 37.76345536046799, -122.47696413020768 37.76181145323912, -122.47701088664024 37.761699374855326)"
911201,19TH,AVE,Central Sunset,911201,"LINESTRING (-122.47701088664024 37.761699374855326, -122.47707199335143 37.76157830337898, -122.47689453531794 37.75994801927771, -122.47681389141773 37.75983393647396)"
909101,19TH,AVE,Inner Sunset,909101,"LINESTRING (-122.4773083942968 37.76544798680642, -122.47724090051535 37.76532056355511, -122.47712114005361 37.76367451781237, -122.47717411099796 37.76355949903919)"
913101,19TH,AVE,Inner Sunset,913101,"LINESTRING (-122.47668417745857 37.75796898198868, -122.47660069674218 37.757908734724246, -122.47648018897992 37.75618416950764, -122.47655429068794 37.756110215505196)"
917101,19TH,AVE,Inner Parkside,917101,"LINESTRING (-122.47616321405218 37.7505122780919, -122.47609224550656 37.750404210884, -122.4759779613802 37.74876012898621, -122.47603309832643 37.74864750741715)"
916201,19TH,AVE,Parkside,916201,"LINESTRING (-122.47629223961219 37.75237859882786, -122.47634324507216 37.752263005833335, -122.47622918516774 37.75062227082086, -122.47616321405218 37.7505122780919)"
916101,19TH,AVE,Inner Parkside,916101,"LINESTRING (-122.47629223961219 37.75237859882786, -122.47622332618468 37.75226688688708, -122.47610938068846 37.75062776445487, -122.47616321405218 37.7505122780919)"
915101,19TH,AVE,Inner Sunset,915101,"LINESTRING (-122.4764235220484 37.754242188411716, -122.47635179279278 37.754134429728445, -122.47623634623407 37.75248950608638, -122.47629223961219 37.75237859882786)"
914201,19TH,AVE,Central Sunset,914201,"LINESTRING (-122.47655429068794 37.756110215505196, -122.47661430186717 37.756046073396, -122.476495164834 37.75434872086106, -122.4764235220484 37.754242188411716)"
914101,19TH,AVE,Inner Sunset,914101,"LINESTRING (-122.47655429068794 37.756110215505196, -122.47648625082569 37.75605011602178, -122.47636718969902 37.75435378863462, -122.4764235220484 37.754242188411716)"
913201,19TH,AVE,Central Sunset,913201,"LINESTRING (-122.47668417745857 37.75796898198868, -122.47674993849931 37.757903624034, -122.47662889917093 37.756171501831794, -122.47655429068794 37.756110215505196)"
912201,19TH,AVE,Central Sunset,912201,"LINESTRING (-122.47681389141773 37.75983393647396, -122.47688086837836 37.75972185440292, -122.47676598364978 37.758080487006396, -122.47668417745857 37.75796898198868)"
912101,19TH,AVE,Inner Sunset,912101,"LINESTRING (-122.47681389141773 37.75983393647396, -122.47673342682084 37.759728625318985, -122.47661845523064 37.7580859766342, -122.47668417745857 37.75796898198868)"
911101,19TH,AVE,Inner Sunset,911101,"LINESTRING (-122.47701088664024 37.761699374855326, -122.47692500836729 37.76158366172338, -122.47674755241187 37.759953377401274, -122.47681389141773 37.75983393647396)"
910201,19TH,AVE,Central Sunset,910201,"LINESTRING (-122.47717411099796 37.76355949903919, -122.47723121011676 37.763449629170445, -122.47709368629933 37.761805755588526, -122.47701088664024 37.761699374855326)"
3456000,BUSH,ST,Lower Pacfic Heights,3456000,"LINESTRING (-122.43839388390266 37.78639167576871, -122.44006119930458 37.78617958369731)"
3441000,BUSH,ST,Downtown - Tenderloin,3441000,"LINESTRING (-122.415371922274 37.78931984906822, -122.4170168782367 37.78911017586574)"
3451000,BUSH,ST,Lower Pacfic Heights,3451000,"LINESTRING (-122.43181319465808 37.78723088065493, -122.43238604610045 37.78715775601247)"
3450000,BUSH,ST,Lower Pacfic Heights,3450000,"LINESTRING (-122.43016838220952 37.78744082540165, -122.43181319465808 37.78723088065493)"
3449000,BUSH,ST,Lower Pacfic Heights,3449000,"LINESTRING (-122.42852501137757 37.78765056184464, -122.43016838220952 37.78744082540165)"
3447000,BUSH,ST,Lower Pacfic Heights,3447000,"LINESTRING (-122.42523650031244 37.78807018810609, -122.42686464368578 37.78786244242427)"
3446000,BUSH,ST,Van Ness - Civic Center,3446000,"LINESTRING (-122.42359407233907 37.788279732515846, -122.42523650031244 37.78807018810609)"
3440000,BUSH,ST,Downtown - Tenderloin,3440000,"LINESTRING (-122.4137283887179 37.78952931774077, -122.415371922274 37.78931984906822)"
3445000,BUSH,ST,Van Ness - Civic Center,3445000,"LINESTRING (-122.42194858448522 37.788489643407324, -122.42359407233907 37.788279732515846)"
3444000,BUSH,ST,Van Ness - Civic Center,3444000,"LINESTRING (-122.4203068827505 37.78869904574785, -122.42194858448522 37.788489643407324)"
3443000,BUSH,ST,Downtown - Tenderloin,3443000,"LINESTRING (-122.41865587221267 37.7889096119901, -122.4203068827505 37.78869904574785)"
3439000,BUSH,ST,Downtown - Tenderloin,3439000,"LINESTRING (-122.41207586744856 37.78973990660086, -122.4137283887179 37.78952931774077)"
3438000,BUSH,ST,Downtown - Tenderloin,3438000,"LINESTRING (-122.41043324628129 37.7899514243051, -122.41207586744856 37.78973990660086)"
3437000,BUSH,ST,Downtown - Tenderloin,3437000,"LINESTRING (-122.4087861071375 37.790159501096255, -122.41043324628129 37.7899514243051)"
3435000,BUSH,ST,Downtown - Tenderloin,3435000,"LINESTRING (-122.40786893801645 37.79027535399308, -122.40797042612623 37.790262534508074)"
3434000,BUSH,ST,Downtown - Tenderloin,3434000,"LINESTRING (-122.40750049479577 37.79032189115415, -122.40786893801645 37.79027535399308)"
3433000,BUSH,ST,Downtown - Tenderloin,3433000,"LINESTRING (-122.4071317161759 37.790368470286424, -122.40750049479577 37.79032189115415)"
3432000,BUSH,ST,Financial District North,3432000,"LINESTRING (-122.40633094613447 37.79046960756347, -122.4071317161759 37.790368470286424)"
3430000,BUSH,ST,Financial District North,3430000,"LINESTRING (-122.40476728978949 37.79066708184591, -122.4055737455642 37.79056523748131)"
3429000,BUSH,ST,Financial District North,3429000,"LINESTRING (-122.40439988611323 37.7907134781666, -122.40476728978949 37.79066708184591)"
3428000,BUSH,ST,Financial District North,3428000,"LINESTRING (-122.40433292293093 37.79072193472475, -122.40439988611323 37.7907134781666)"
3427000,BUSH,ST,Financial District North,3427000,"LINESTRING (-122.4040307243885 37.79076009609215, -122.40433292293093 37.79072193472475)"
3426000,BUSH,ST,Financial District North,3426000,"LINESTRING (-122.40367177167613 37.79080542220254, -122.4040307243885 37.79076009609215)"
3424000,BUSH,ST,Financial District North,3424000,"LINESTRING (-122.40238040201699 37.79096861091383, -122.40272411592781 37.79092508273427)"
3459000,BUSH,ST,Lower Pacfic Heights,3459000,"LINESTRING (-122.44337028130276 37.785758577063696, -122.4450198574672 37.78554866889428)"
3458000,BUSH,ST,Lower Pacfic Heights,3458000,"LINESTRING (-122.44172631982897 37.78596774626566, -122.44337028130276 37.785758577063696)"
3457000,BUSH,ST,Lower Pacfic Heights,3457000,"LINESTRING (-122.44006119930458 37.78617958369731, -122.44172631982897 37.78596774626566)"
3455000,BUSH,ST,Lower Pacfic Heights,3455000,"LINESTRING (-122.4367465521987 37.78660103911535, -122.43839388390266 37.78639167576871)"
3453000,BUSH,ST,Lower Pacfic Heights,3453000,"LINESTRING (-122.43345991643248 37.787020667245756, -122.43510576834777 37.78681054242245)"
3452000,BUSH,ST,Lower Pacfic Heights,3452000,"LINESTRING (-122.43238604610045 37.78715775601247, -122.43345991643248 37.787020667245756)"
3460000,BUSH,ST,Lower Pacfic Heights,3460000,"LINESTRING (-122.4450198574672 37.78554866889428, -122.44642170935671 37.78537026472601)"
3425000,BUSH,ST,Financial District North,3425000,"LINESTRING (-122.40272411592781 37.79092508273427, -122.40367177167613 37.79080542220254)"
3431000,BUSH,ST,Financial District North,3431000,"LINESTRING (-122.4055737455642 37.79056523748131, -122.40633094613447 37.79046960756347)"
3436000,BUSH,ST,Downtown - Tenderloin,3436000,"LINESTRING (-122.40797042612623 37.790262534508074, -122.4087861071375 37.790159501096255)"
3442000,BUSH,ST,Downtown - Tenderloin,3442000,"LINESTRING (-122.4170168782367 37.78911017586574, -122.41865587221267 37.7889096119901)"
3448000,BUSH,ST,Lower Pacfic Heights,3448000,"LINESTRING (-122.42686464368578 37.78786244242427, -122.42852501137757 37.78765056184464)"
3454000,BUSH,ST,Lower Pacfic Heights,3454000,"LINESTRING (-122.43510576834777 37.78681054242245, -122.4367465521987 37.78660103911535)"
4297000,COLUMBUS,AVE,North Beach,4297000,"LINESTRING (-122.41095374025046 37.80083298178448, -122.41137627075987 37.801125132767396)"
4288000,COLUMBUS,AVE,Financial District North,4288000,"LINESTRING (-122.40441216041118 37.7963020983791, -122.40528839729656 37.79690905753646)"
4294000,COLUMBUS,AVE,Telegraph Hill,4294000,"LINESTRING (-122.40786949643582 37.7986968612742, -122.40901437777879 37.79948981991049)"
4300000,COLUMBUS,AVE,North Beach,4300000,"LINESTRING (-122.41290808593341 37.80218377156237, -122.41371875044594 37.80274320167248)"
4306000,COLUMBUS,AVE,North Waterfront,4306000,"LINESTRING (-122.41722619336352 37.80516964980789, -122.41838065810443 37.805977368762946)"
4296000,COLUMBUS,AVE,North Beach,4296000,"LINESTRING (-122.41020654394141 37.80031549963538, -122.41095374025046 37.80083298178448)"
4287000,COLUMBUS,AVE,Financial District North,4287000,"LINESTRING (-122.40406849019057 37.79606403725762, -122.40441216041118 37.7963020983791)"
4298000,COLUMBUS,AVE,North Beach,4298000,"LINESTRING (-122.41137627075987 37.801125132767396, -122.4125412777713 37.80193063622217)"
4299000,COLUMBUS,AVE,North Beach,4299000,"LINESTRING (-122.4125412777713 37.80193063622217, -122.41290808593341 37.80218377156237)"
4301000,COLUMBUS,AVE,North Beach,4301000,"LINESTRING (-122.41371875044594 37.80274320167248, -122.41487678484903 37.80354232524947)"
4302000,COLUMBUS,AVE,North Beach,4302000,"LINESTRING (-122.41487678484903 37.80354232524947, -122.4154458674415 37.80393650833371)"
4303000,COLUMBUS,AVE,North Beach,4303000,"LINESTRING (-122.4154458674415 37.80393650833371, -122.41605142400529 37.80435594657089)"
4293000,COLUMBUS,AVE,Telegraph Hill,4293000,"LINESTRING (-122.40708292587334 37.79815205695173, -122.40786949643582 37.7986968612742)"
4290000,COLUMBUS,AVE,Financial District North,4290000,"LINESTRING (-122.40551293593056 37.797064590483956, -122.40622643717147 37.7975588104018)"
4291000,COLUMBUS,AVE,Financial District North,4291000,"LINESTRING (-122.40622643717147 37.7975588104018, -122.40666793153808 37.79786461240087)"
4295000,COLUMBUS,AVE,North Beach,4295000,"LINESTRING (-122.40901437777879 37.79948981991049, -122.41020654394141 37.80031549963538)"
4289000,COLUMBUS,AVE,Financial District North,4289000,"LINESTRING (-122.40528839729656 37.79690905753646, -122.40551293593056 37.797064590483956)"
4304000,COLUMBUS,AVE,North Beach,4304000,"LINESTRING (-122.41605142400529 37.80435594657089, -122.41681834583864 37.80488716072857)"
4305000,COLUMBUS,AVE,North Beach,4305000,"LINESTRING (-122.41681834583864 37.80488716072857, -122.41722619336352 37.80516964980789)"
4286000,COLUMBUS,AVE,Financial District North,4286000,"LINESTRING (-122.40331694510478 37.795531832773, -122.40406849019057 37.79606403725762)"
4292000,COLUMBUS,AVE,Telegraph Hill,4292000,"LINESTRING (-122.40666793153808 37.79786461240087, -122.40708292587334 37.79815205695173)"
4830000,DIVISADERO,ST,Marina,4830000,"LINESTRING (-122.44284609221972 37.79997798002137, -122.4430346240519 37.80090820901365)"
4829000,DIVISADERO,ST,Marina,4829000,"LINESTRING (-122.44264789709733 37.79900005076836, -122.44284609221972 37.79997798002137)"
4827000,DIVISADERO,ST,Cow Hollow,4827000,"LINESTRING (-122.44227928812757 37.79718119261391, -122.4424679135603 37.79811195182147)"
4826000,DIVISADERO,ST,Cow Hollow,4826000,"LINESTRING (-122.44209040188505 37.796249119348026, -122.44227928812757 37.79718119261391)"
4825000,DIVISADERO,ST,Pacific Heights,4825000,"LINESTRING (-122.44190224209564 37.79532061436281, -122.44209040188505 37.796249119348026)"
4824000,DIVISADERO,ST,Pacific Heights,4824000,"LINESTRING (-122.44171277186041 37.794385577817486, -122.44190224209564 37.79532061436281)"
4823000,DIVISADERO,ST,Pacific Heights,4823000,"LINESTRING (-122.44152047871019 37.79343659113128, -122.44171277186041 37.794385577817486)"
4821000,DIVISADERO,ST,Pacific Heights,4821000,"LINESTRING (-122.44115459370137 37.791630842238, -122.44133285853907 37.792510646247)"
4820000,DIVISADERO,ST,Pacific Heights,4820000,"LINESTRING (-122.44098438072852 37.79075546213467, -122.44115459370137 37.791630842238)"
4822000,DIVISADERO,ST,Pacific Heights,4822000,"LINESTRING (-122.44133285853907 37.792510646247, -122.44152047871019 37.79343659113128)"
4828000,DIVISADERO,ST,Cow Hollow,4828000,"LINESTRING (-122.4424679135603 37.79811195182147, -122.44264789709733 37.79900005076836)"
4799201,DIVISADERO,ST,Hayes Valley,4799201,"LINESTRING (-122.43704561266036 37.771267424787126, -122.43700937475191 37.771348361087604, -122.43717380447833 37.77213714999286, -122.43723493203859 37.77220371221034)"
4803101,DIVISADERO,ST,North Panhandle,4803101,"LINESTRING (-122.43779874742566 37.77499194751034, -122.437867036851 37.775064841138914, -122.4380280833464 37.775845795981965, -122.43798984788495 37.77592540520735)"
4802201,DIVISADERO,ST,Alamo Square,4802201,"LINESTRING (-122.43761062393679 37.77406164662486, -122.43758111117486 37.774151860031424, -122.43773603501035 37.7749171633116, -122.43779874742566 37.77499194751034)"
4808101,DIVISADERO,ST,Anza Vista,4808101,"LINESTRING (-122.43874018341782 37.77965963009855, -122.43881177815253 37.77973086117221, -122.43896413356815 37.780511818697484, -122.43892675531767 37.78058848661974)"
4804201,DIVISADERO,ST,Alamo Square,4804201,"LINESTRING (-122.43798984788495 37.77592540520735, -122.43795182051792 37.77600919308167, -122.4381108330159 37.77679377653492, -122.43817704776706 37.77685588889572)"
4834000,DIVISADERO,ST,Marina,4834000,"LINESTRING (-122.4436025183974 37.80370493701751, -122.44379196715151 37.804637871622596)"
4801101,DIVISADERO,ST,North Panhandle,4801101,"LINESTRING (-122.43742293951387 37.77313349322287, -122.43748603511071 37.77321367348886, -122.43763829343357 37.773977499165504, -122.43761062393679 37.77406164662486)"
4801201,DIVISADERO,ST,Alamo Square,4801201,"LINESTRING (-122.43742293951387 37.77313349322287, -122.43738964741885 37.773229220055185, -122.43755152974644 37.77398775644672, -122.43761062393679 37.77406164662486)"
4802101,DIVISADERO,ST,North Panhandle,4802101,"LINESTRING (-122.43761062393679 37.77406164662486, -122.43767286855258 37.77413911030087, -122.43783224062847 37.77490352377529, -122.43779874742566 37.77499194751034)"
4803201,DIVISADERO,ST,Alamo Square,4803201,"LINESTRING (-122.43779874742566 37.77499194751034, -122.43776925088534 37.77507929410402, -122.43792620695035 37.77585871072509, -122.43798984788495 37.77592540520735)"
4804101,DIVISADERO,ST,North Panhandle,4804101,"LINESTRING (-122.43798984788495 37.77592540520735, -122.4380611114039 37.77599658989855, -122.43821336798791 37.776780187784034, -122.43817704776706 37.77685588889572)"
4805101,DIVISADERO,ST,North Panhandle,4805101,"LINESTRING (-122.43817704776706 37.77685588889572, -122.43824394483427 37.77692508010916, -122.438400798361 37.77770564186137, -122.43836550086624 37.777794188968834)"
4805201,DIVISADERO,ST,Alamo Square,4805201,"LINESTRING (-122.43817704776706 37.77685588889572, -122.43814145366464 37.77694036989831, -122.43829767714561 37.77772189484564, -122.43836550086624 37.777794188968834)"
4806101,DIVISADERO,ST,North Panhandle,4806101,"LINESTRING (-122.43836550086624 37.777794188968834, -122.43843409614163 37.77787666124213, -122.43858868152564 37.77864011231823, -122.43855227776923 37.77872410772495)"
4806201,DIVISADERO,ST,Alamo Square,4806201,"LINESTRING (-122.43836550086624 37.777794188968834, -122.4383322315909 37.77789081424811, -122.43848452160303 37.77865604642392, -122.43855227776923 37.77872410772495)"
4807101,DIVISADERO,ST,North Panhandle,4807101,"LINESTRING (-122.43855227776923 37.77872410772495, -122.43862122820852 37.778799571365326, -122.43877523282421 37.779578158098744, -122.43874018341782 37.77965963009855)"
4807201,DIVISADERO,ST,Western Addition,4807201,"LINESTRING (-122.43855227776923 37.77872410772495, -122.43851694507359 37.77881076825475, -122.43867263409145 37.77959067608781, -122.43874018341782 37.77965963009855)"
4808201,DIVISADERO,ST,Western Addition,4808201,"LINESTRING (-122.43874018341782 37.77965963009855, -122.43869760886534 37.77974273660214, -122.43885437687781 37.78052914818276, -122.43892675531767 37.78058848661974)"
4809101,DIVISADERO,ST,Anza Vista,4809101,"LINESTRING (-122.43892675531767 37.78058848661974, -122.43899250966763 37.78065189041131, -122.43915208619842 37.78144863661143, -122.43911393534971 37.7815203528516)"
4809201,DIVISADERO,ST,Western Addition,4809201,"LINESTRING (-122.43892675531767 37.78058848661974, -122.43888983232819 37.78066420045875, -122.43905046232561 37.78146880413765, -122.43911393534971 37.7815203528516)"
4810101,DIVISADERO,ST,Anza Vista,4810101,"LINESTRING (-122.43911393534971 37.7815203528516, -122.43917780074939 37.78158297612674, -122.43933636256945 37.78235121649278, -122.43929762511631 37.782450481277415)"
4810201,DIVISADERO,ST,Western Addition,4810201,"LINESTRING (-122.43911393534971 37.7815203528516, -122.4390771480457 37.78159784343642, -122.43922547071243 37.78236597758815, -122.43929762511631 37.782450481277415)"
4812101,DIVISADERO,ST,Lower Pacfic Heights,4812101,"LINESTRING (-122.43948038182064 37.78330848762415, -122.43954451648605 37.78338262673071, -122.43963873510933 37.78384658525041)"
4812102,DIVISADERO,ST,Lower Pacfic Heights,4812102,"LINESTRING (-122.43963873510933 37.78384658525041, -122.43971271162687 37.784230675721226, -122.43968467912573 37.78431867417618)"
4812201,DIVISADERO,ST,Lower Pacfic Heights,4812201,"LINESTRING (-122.43948038182064 37.78330848762415, -122.43945045222915 37.7833982931864, -122.43961993635216 37.78424328097293, -122.43968467912573 37.78431867417618)"
4813101,DIVISADERO,ST,Lower Pacfic Heights,4813101,"LINESTRING (-122.43968467912573 37.78431867417618, -122.43974770332761 37.7843940581838, -122.43990366217726 37.78516566406632, -122.43987261296931 37.785247526782136)"
4814101,DIVISADERO,ST,Lower Pacfic Heights,4814101,"LINESTRING (-122.43987261296931 37.785247526782136, -122.43993368009153 37.78532981543798, -122.44009439743257 37.78609966628952, -122.44006119930458 37.78617958369731)"
4814201,DIVISADERO,ST,Lower Pacfic Heights,4814201,"LINESTRING (-122.43987261296931 37.785247526782136, -122.43984650025794 37.78534145551857, -122.43999363101265 37.786113991084285, -122.44006119930458 37.78617958369731)"
4815101,DIVISADERO,ST,Lower Pacfic Heights,4815101,"LINESTRING (-122.44006119930458 37.78617958369731, -122.44012078718289 37.78624385209769, -122.44027766648198 37.787024519134064, -122.4402499560136 37.78711245554227)"
4815201,DIVISADERO,ST,Lower Pacfic Heights,4815201,"LINESTRING (-122.44006119930458 37.78617958369731, -122.44002936003938 37.78625908046323, -122.44018331174034 37.78703973746486, -122.4402499560136 37.78711245554227)"
4816101,DIVISADERO,ST,Lower Pacfic Heights,4816101,"LINESTRING (-122.4402499560136 37.78711245554227, -122.44031205693273 37.787186802135786, -122.44047235112484 37.78798962266892, -122.44044011443242 37.78806716531624)"
4817101,DIVISADERO,ST,Pacific Heights,4817101,"LINESTRING (-122.44044011443242 37.78806716531624, -122.44050221407035 37.78814151089644, -122.44065805355172 37.7889219959988, -122.44062361929019 37.788995259871776)"
4817201,DIVISADERO,ST,Pacific Heights,4817201,"LINESTRING (-122.44044011443242 37.78806716531624, -122.44040630209129 37.78815220017301, -122.44056483400979 37.78893731923094, -122.44062361929019 37.788995259871776)"
4818101,DIVISADERO,ST,Pacific Heights,4818101,"LINESTRING (-122.44062361929019 37.788995259871776, -122.44068120752317 37.78906666156505, -122.44082707665919 37.78979719025584, -122.4408055729002 37.78987229582899)"
4818201,DIVISADERO,ST,Pacific Heights,4818201,"LINESTRING (-122.44062361929019 37.788995259871776, -122.44059555292219 37.78907605893352, -122.44074350762342 37.789808783521444, -122.4408055729002 37.78987229582899)"
4819000,DIVISADERO,ST,Pacific Heights,4819000,"LINESTRING (-122.4408055729002 37.78987229582899, -122.44098438072852 37.79075546213467)"
4811201,DIVISADERO,ST,Western Addition,4811201,"LINESTRING (-122.43929762511631 37.782450481277415, -122.43927669339352 37.782538128032705, -122.43940655341372 37.78323772799924, -122.43948038182064 37.78330848762415)"
4811101,DIVISADERO,ST,Anza Vista,4811101,"LINESTRING (-122.43929762511631 37.782450481277415, -122.43936989463234 37.78252500053108, -122.43951508723741 37.78322562434746, -122.43948038182064 37.78330848762415)"
4813201,DIVISADERO,ST,Lower Pacfic Heights,4813201,"LINESTRING (-122.43968467912573 37.78431867417618, -122.43965494705029 37.78440740134757, -122.43981044447143 37.785176042264446, -122.43987261296931 37.785247526782136)"
4816201,DIVISADERO,ST,Lower Pacfic Heights,4816201,"LINESTRING (-122.4402499560136 37.78711245554227, -122.44021614502498 37.787197491259384, -122.44037914863173 37.78800477457643, -122.44044011443242 37.78806716531624)"
4800201,DIVISADERO,ST,Hayes Valley,4800201,"LINESTRING (-122.43723493203859 37.77220371221034, -122.43720341419852 37.77228603834618, -122.43736036156257 37.773060370181625, -122.43742293951387 37.77313349322287)"
4800101,DIVISADERO,ST,Haight Ashbury,4800101,"LINESTRING (-122.43723493203859 37.77220371221034, -122.43729783079291 37.772274281147084, -122.4374552170091 37.7730499796584, -122.43742293951387 37.77313349322287)"
4799101,DIVISADERO,ST,Haight Ashbury,4799101,"LINESTRING (-122.43704561266036 37.771267424787126, -122.4371039016767 37.77133509945376, -122.43726351978069 37.77212454180465, -122.43723493203859 37.77220371221034)"
4798201,DIVISADERO,ST,Hayes Valley,4798201,"LINESTRING (-122.43684894235278 37.770342896301194, -122.43682588853416 37.77042517915949, -122.43698125937794 37.77119995213672, -122.43704561266036 37.771267424787126)"
4798101,DIVISADERO,ST,Buena Vista Park,4798101,"LINESTRING (-122.43684894235278 37.770342896301194, -122.43692070709835 37.77041218168384, -122.43707462346248 37.77118252797023, -122.43704561266036 37.771267424787126)"
4835000,DIVISADERO,ST,Marina,4835000,"LINESTRING (-122.44379196715151 37.804637871622596, -122.44398351829489 37.80558113891274)"
4833000,DIVISADERO,ST,Marina,4833000,"LINESTRING (-122.44341350797471 37.80277413904593, -122.4436025183974 37.80370493701751)"
4832000,DIVISADERO,ST,Marina,4832000,"LINESTRING (-122.44322349785236 37.801838380816754, -122.44341350797471 37.80277413904593)"
4831000,DIVISADERO,ST,Marina,4831000,"LINESTRING (-122.4430346240519 37.80090820901365, -122.44322349785236 37.801838380816754)"
5448000,FELL,ST,Alamo Square,5448000,"LINESTRING (-122.43264862251284 37.77469266035433, -122.43429428425932 37.77447581711821)"
5459000,FELL,ST,North Panhandle,5459000,"LINESTRING (-122.45078670814775 37.77236766358794, -122.45224216058303 37.772180566332466, -122.45243746165414 37.77218917291169)"
5458000,FELL,ST,North Panhandle,5458000,"LINESTRING (-122.44914317304071 37.77257891615129, -122.45078670814775 37.77236766358794)"
5456000,FELL,ST,North Panhandle,5456000,"LINESTRING (-122.44590236630951 37.772995405980666, -122.44749724500835 37.772790453861475)"
5455000,FELL,ST,North Panhandle,5455000,"LINESTRING (-122.44421618349881 37.773212067039005, -122.44590236630951 37.772995405980666)"
5454000,FELL,ST,North Panhandle,5454000,"LINESTRING (-122.44256485064946 37.77342422480057, -122.44421618349881 37.773212067039005)"
5453000,FELL,ST,North Panhandle,5453000,"LINESTRING (-122.44092179204262 37.773635296019876, -122.44256485064946 37.77342422480057)"
5452000,FELL,ST,North Panhandle,5452000,"LINESTRING (-122.43927679781314 37.773847119870396, -122.44092179204262 37.773635296019876)"
5444000,FELL,ST,Hayes Valley,5444000,"LINESTRING (-122.42607032560022 37.775524545293194, -122.42772404590232 37.775317310497734)"
5445000,FELL,ST,Hayes Valley,5445000,"LINESTRING (-122.42772404590232 37.775317310497734, -122.4293658600457 37.77511118020253)"
5449000,FELL,ST,Alamo Square,5449000,"LINESTRING (-122.43429428425932 37.77447581711821, -122.43594032804174 37.77427667818276)"
5440000,FELL,ST,Van Ness - Civic Center,5440000,"LINESTRING (-122.41950629407681 37.77636887006124, -122.42114842369108 37.77615876493707)"
5441000,FELL,ST,Van Ness - Civic Center,5441000,"LINESTRING (-122.42114842369108 37.77615876493707, -122.42278763323404 37.775949862448826)"
5442000,FELL,ST,Hayes Valley,5442000,"LINESTRING (-122.42278763323404 37.775949862448826, -122.42432464957561 37.775753961693596)"
5447000,FELL,ST,Alamo Square,5447000,"LINESTRING (-122.43101153847742 37.77490283111193, -122.43264862251284 37.77469266035433)"
5443000,FELL,ST,Hayes Valley,5443000,"LINESTRING (-122.42432464957561 37.775753961693596, -122.42607032560022 37.775524545293194)"
5450000,FELL,ST,Alamo Square,5450000,"LINESTRING (-122.43594032804174 37.77427667818276, -122.43761062393679 37.77406164662486)"
5446000,FELL,ST,Alamo Square,5446000,"LINESTRING (-122.4293658600457 37.77511118020253, -122.43101153847742 37.77490283111193)"
5451000,FELL,ST,North Panhandle,5451000,"LINESTRING (-122.43761062393679 37.77406164662486, -122.43927679781314 37.773847119870396)"
5457000,FELL,ST,North Panhandle,5457000,"LINESTRING (-122.44749724500835 37.772790453861475, -122.44914317304071 37.77257891615129)"
5460000,FELL,ST,North Panhandle,5460000,"LINESTRING (-122.45243746165414 37.77218917291169, -122.45395942956156 37.77199666801921, -122.45408321780828 37.771930404627454)"
6118000,GEARY,ST,Van Ness - Civic Center,6118000,"LINESTRING (-122.41973873392024 37.78589290138807, -122.42139330793205 37.78568580201176)"
6117000,GEARY,ST,Downtown - Tenderloin,6117000,"LINESTRING (-122.41808809744094 37.786101039913994, -122.41973873392024 37.78589290138807)"
6114000,GEARY,ST,Downtown - Tenderloin,6114000,"LINESTRING (-122.41316144401543 37.78672974468323, -122.41480664861766 37.7865198203137)"
6113000,GEARY,ST,Downtown - Tenderloin,6113000,"LINESTRING (-122.4123403022238 37.78683451221896, -122.41316144401543 37.78672974468323)"
6112000,GEARY,ST,Downtown - Tenderloin,6112000,"LINESTRING (-122.41151576691276 37.786939706281125, -122.4123403022238 37.78683451221896)"
6111000,GEARY,ST,Downtown - Tenderloin,6111000,"LINESTRING (-122.40987401670007 37.787149143488385, -122.41151576691276 37.786939706281125)"
6110000,GEARY,ST,Downtown - Tenderloin,6110000,"LINESTRING (-122.40822672589219 37.787359262195565, -122.40987401670007 37.787149143488385)"
6040201,GEARY,BLVD,Lower Pacfic Heights,6040201,"LINESTRING (-122.42798892749516 37.78495387918457, -122.42810209052617 37.7850265326532, -122.43105320230285 37.78466818698968, -122.43120494527902 37.78456824118891)"
6041101,GEARY,BLVD,Western Addition,6041101,"LINESTRING (-122.43120494527902 37.78456824118891, -122.4313799006405 37.784490746186435, -122.43443661607691 37.78410602446264, -122.43456209872744 37.78415186360795)"
6041102,GEARY,BLVD,Western Addition,6041102,"LINESTRING (-122.43120494527902 37.78456824118891, -122.43136295483973 37.784388893105294, -122.43278173266239 37.784213335104596, -122.43291424770223 37.78435505589764)"
6041103,GEARY,BLVD,Western Addition,6041103,"LINESTRING (-122.43291424770223 37.78435505589764, -122.43300930801955 37.784189915346865, -122.43441580003667 37.784013245734336, -122.43456209872744 37.78415186360795)"
6041201,GEARY,BLVD,Lower Pacfic Heights,6041201,"LINESTRING (-122.43120494527902 37.78456824118891, -122.43139931185524 37.78460742578835, -122.43446460185874 37.78422175509199, -122.43456209872744 37.78415186360795)"
6041203,GEARY,BLVD,Lower Pacfic Heights,6041203,"LINESTRING (-122.43291424770223 37.78435505589764, -122.43306930050586 37.78450695788161, -122.43377544526682 37.78441250547545)"
6041204,GEARY,BLVD,Lower Pacfic Heights,6041204,"LINESTRING (-122.43377544526682 37.78441250547545, -122.43448883908536 37.78432209688579, -122.43456209872744 37.78415186360795)"
6042101,GEARY,BLVD,Western Addition,6042101,"LINESTRING (-122.43456209872744 37.78415186360795, -122.43465873425068 37.7840797600825, -122.43526812618661 37.78395837001604, -122.43772060324571 37.78365616853556, -122.43784794292304 37.783717637773776)"
6042201,GEARY,BLVD,Lower Pacfic Heights,6042201,"LINESTRING (-122.43456209872744 37.78415186360795, -122.43465890698208 37.78419421849526, -122.43775168464727 37.78380230148852, -122.43784794292304 37.783717637773776)"
6043101,GEARY,BLVD,Western Addition,6043101,"LINESTRING (-122.43784794292304 37.783717637773776, -122.43798128962685 37.7836219095188, -122.43836682280738 37.78351913917715, -122.43878639808283 37.78334211578999, -122.43897902934289 37.78329990523563, -122.43932562132369 37.7832603752452, -122.43948038182064 37.78330848762415)"
6044101,GEARY,BLVD,Anza Vista,6044101,"LINESTRING (-122.43948038182064 37.78330848762415, -122.43960410697878 37.78322260051662, -122.44265084359158 37.782837300743694, -122.44279310017558 37.78288533681909)"
6044201,GEARY,BLVD,Lower Pacfic Heights,6044201,"LINESTRING (-122.43948038182064 37.78330848762415, -122.43963255953877 37.78335959254951, -122.44115820133113 37.78316366968636)"
6045101,GEARY,BLVD,Anza Vista,6045101,"LINESTRING (-122.44279310017558 37.78288533681909, -122.44289423428974 37.78280882652674, -122.44443147229205 37.782569696232166)"
6045102,GEARY,BLVD,Anza Vista,6045102,"LINESTRING (-122.44443147229205 37.782569696232166, -122.44495372647593 37.78250366252176, -122.44571330049851 37.782409382271226, -122.44582051130223 37.78248803152307)"
6045201,GEARY,BLVD,Lower Pacfic Heights,6045201,"LINESTRING (-122.44279310017558 37.78288533681909, -122.44292254338652 37.78294092106792, -122.44445802360104 37.78277466509664)"
6040103,GEARY,BLVD,Western Addition,6040103,"LINESTRING (-122.42960644596296 37.78468162288636, -122.4297959994197 37.784659745187106)"
6045202,GEARY,BLVD,Lower Pacfic Heights,6045202,"LINESTRING (-122.44445802360104 37.78277466509664, -122.44494638094571 37.78271729251904, -122.4457535681914 37.78261573521692, -122.44582051130223 37.78248803152307)"
6043201,GEARY,BLVD,Lower Pacfic Heights,6043201,"LINESTRING (-122.43784794292304 37.783717637773776, -122.43801704891402 37.78377278010827, -122.43826837031855 37.78371614335181, -122.43855114367602 37.78359685661163, -122.43893687433795 37.78345012585914, -122.43935193049788 37.783394877808135, -122.43948038182064 37.78330848762415)"
6041202,GEARY,BLVD,Lower Pacfic Heights,6041202,"LINESTRING (-122.43120494527902 37.78456824118891, -122.43141611946665 37.78470845266183, -122.4328364144339 37.784532043749444, -122.43291424770223 37.78435505589764)"
6040104,GEARY,BLVD,Western Addition,6040104,"LINESTRING (-122.4297959994197 37.784659745187106, -122.43101945666977 37.784518531827224, -122.43120494527902 37.78456824118891)"
6044202,GEARY,BLVD,Lower Pacfic Heights,6044202,"LINESTRING (-122.44115820133113 37.78316366968636, -122.44270205435102 37.78297235730637, -122.44279310017558 37.78288533681909)"
6037000,GEARY,BLVD,Van Ness - Civic Center,6037000,"LINESTRING (-122.42139330793205 37.78568580201176, -122.423027553184 37.78548224342788)"
6116000,GEARY,ST,Downtown - Tenderloin,6116000,"LINESTRING (-122.41644912261043 37.78631021815255, -122.41808809744094 37.786101039913994)"
6039101,GEARY,BLVD,Western Addition,6039101,"LINESTRING (-122.42468704042207 37.78533462237478, -122.42481582702513 37.78526713051839, -122.42643012664757 37.785061738368285)"
6038000,GEARY,BLVD,Van Ness - Civic Center,6038000,"LINESTRING (-122.423027553184 37.78548224342788, -122.42354849582924 37.78541025711042, -122.42382032843567 37.78538130613394, -122.42413628963148 37.785386931207654, -122.42444109850052 37.78539569104558, -122.42455901441458 37.78540475405521, -122.42468704042207 37.78533462237478)"
6115000,GEARY,ST,Downtown - Tenderloin,6115000,"LINESTRING (-122.41480664861766 37.7865198203137, -122.41644912261043 37.78631021815255)"
6039102,GEARY,BLVD,Western Addition,6039102,"LINESTRING (-122.42643012664757 37.785061738368285, -122.42785333037564 37.784878051828024, -122.42798892749516 37.78495387918457)"
6039201,GEARY,BLVD,Lower Pacfic Heights,6039201,"LINESTRING (-122.42468704042207 37.78533462237478, -122.42489876759394 37.78544112374195, -122.42789421531181 37.785064254711656, -122.42798892749516 37.78495387918457)"
6040102,GEARY,BLVD,Western Addition,6040102,"LINESTRING (-122.42798892749516 37.78495387918457, -122.42807206707009 37.78485870055706, -122.42960644596296 37.78468162288636)"
6127201,GENEVA,AVE,Ingleside,6127201,"LINESTRING (-122.45233156091919 37.72308024328801, -122.4518857123882 37.72274722911313, -122.45024380990539 37.722079998599284, -122.45011822621207 37.72208279539005)"
6128201,GENEVA,AVE,Ingleside,6128201,"LINESTRING (-122.45011822621207 37.72208279539005, -122.45005057685914 37.7220094586217, -122.44939397693994 37.72174570923074, -122.44929574280255 37.721752412771956)"
6129101,GENEVA,AVE,Ingleside,6129101,"LINESTRING (-122.44929574280255 37.721752412771956, -122.4491784487752 37.721751459692, -122.44853314216282 37.72149223923384, -122.4484106477814 37.72139686950209)"
6129201,GENEVA,AVE,Ingleside,6129201,"LINESTRING (-122.44929574280255 37.721752412771956, -122.44922901443387 37.7216794440286, -122.44857608846388 37.721417164071966, -122.4484106477814 37.72139686950209)"
6132201,GENEVA,AVE,Outer Mission,6132201,"LINESTRING (-122.44660865020325 37.72072422429318, -122.44650901362016 37.72064478411018, -122.44542821225949 37.72021727568809, -122.44522678503886 37.72010699575879, -122.4451278727881 37.72008670465835)"
6133101,GENEVA,AVE,Mission Terrace,6133101,"LINESTRING (-122.4451278727881 37.72008670465835, -122.44502503161216 37.72006674936951, -122.44373459304335 37.71901322860258, -122.44369607225241 37.7189286726637)"
6132101,GENEVA,AVE,Mission Terrace,6132101,"LINESTRING (-122.44660865020325 37.72072422429318, -122.4464498773216 37.720707631933394, -122.44540806346687 37.72029680678702, -122.4452030165251 37.72018988728116, -122.4451278727881 37.72008670465835)"
6130101,GENEVA,AVE,Ingleside,6130101,"LINESTRING (-122.4484106477814 37.72139686950209, -122.44831652789664 37.72145496247866, -122.44781586726373 37.721250697179634, -122.44775155400788 37.721155307100474)"
6131101,GENEVA,AVE,Ingleside,6131101,"LINESTRING (-122.44775155400788 37.721155307100474, -122.4476586892311 37.72118656971282, -122.44672716964514 37.720806506563456, -122.44660865020325 37.72072422429318)"
6128101,GENEVA,AVE,Ingleside,6128101,"LINESTRING (-122.45011822621207 37.72208279539005, -122.45000238350106 37.722082426053305, -122.44934341253023 37.721817724063115, -122.44929574280255 37.721752412771956)"
6131201,GENEVA,AVE,Ingleside,6131201,"LINESTRING (-122.44775155400788 37.721155307100474, -122.44770895787245 37.721071204710555, -122.44683251789789 37.720744950036185, -122.44660865020325 37.72072422429318)"
6133201,GENEVA,AVE,Outer Mission,6133201,"LINESTRING (-122.4451278727881 37.72008670465835, -122.44504447282358 37.71997278122164, -122.44379378447361 37.71895346252993, -122.44369607225241 37.7189286726637)"
6127101,GENEVA,AVE,Ingleside,6127101,"LINESTRING (-122.45159516626023 37.72299178432581, -122.45158876159887 37.7227525347712, -122.45150303357536 37.72268775555847, -122.4501887975664 37.72216456064921, -122.45011822621207 37.72208279539005)"
6130201,GENEVA,AVE,Ingleside,6130201,"LINESTRING (-122.4484106477814 37.72139686950209, -122.44839627158872 37.721327051655074, -122.44783149196694 37.7211168175297, -122.44775155400788 37.721155307100474)"
6727000,HARRISON,ST,South of Market,6727000,"LINESTRING (-122.40547606226953 37.77616197877837, -122.40629596471294 37.775514153996156)"
6728000,HARRISON,ST,South of Market,6728000,"LINESTRING (-122.40629596471294 37.775514153996156, -122.4063685351784 37.77545681331615)"
6719000,HARRISON,ST,Financial District South,6719000,"LINESTRING (-122.3996162321739 37.78079148266775, -122.40184327371725 37.77903213332776)"
6726000,HARRISON,ST,South of Market,6726000,"LINESTRING (-122.40489615213106 37.77662017078481, -122.40547606226953 37.77616197877837)"
6730000,HARRISON,ST,South of Market,6730000,"LINESTRING (-122.40740517168335 37.774637713946504, -122.40776786556354 37.77435112460201)"
6729000,HARRISON,ST,South of Market,6729000,"LINESTRING (-122.40682892604913 37.775093039255246, -122.40740517168335 37.774637713946504)"
6731000,HARRISON,ST,South of Market,6731000,"LINESTRING (-122.40776786556354 37.77435112460201, -122.40851633058793 37.77375969994331)"
6732000,HARRISON,ST,South of Market,6732000,"LINESTRING (-122.40851633058793 37.77375969994331, -122.40968304118229 37.77283775732597)"
6733000,HARRISON,ST,South of Market,6733000,"LINESTRING (-122.40968304118229 37.77283775732597, -122.41007684752097 37.772526443728935)"
6720000,HARRISON,ST,South of Market,6720000,"LINESTRING (-122.40184327371725 37.77903213332776, -122.40238482599263 37.778604290690446)"
6728001,HARRISON,ST,South of Market,6728001,"LINESTRING (-122.4063685351784 37.77545681331615, -122.40682892604913 37.775093039255246)"
6725000,HARRISON,ST,South of Market,6725000,"LINESTRING (-122.40461003057239 37.776846234557986, -122.40489615213106 37.77662017078481)"
6721000,HARRISON,ST,South of Market,6721000,"LINESTRING (-122.40238482599263 37.778604290690446, -122.40296115680137 37.778148964009326)"
6722000,HARRISON,ST,South of Market,6722000,"LINESTRING (-122.40296115680137 37.778148964009326, -122.40352964216775 37.77769982726136)"
6723000,HARRISON,ST,South of Market,6723000,"LINESTRING (-122.40352964216775 37.77769982726136, -122.40407025626142 37.77727270167653)"
6724000,HARRISON,ST,South of Market,6724000,"LINESTRING (-122.40407025626142 37.77727270167653, -122.40461003057239 37.776846234557986)"
9158000,MISSION,ST,Mission Terrace,9158000,"LINESTRING (-122.43244732408841 37.727637208074995, -122.43280782287644 37.72731504278325, -122.43291179366561 37.72717755081583)"
9086000,MISSION,ST,Financial District South,9086000,"LINESTRING (-122.39581342125622 37.791152808444416, -122.39668969601654 37.79046106737725)"
9087000,MISSION,ST,Financial District South,9087000,"LINESTRING (-122.39668969601654 37.79046106737725, -122.39757446704941 37.78976259875658)"
9088000,MISSION,ST,Financial District South,9088000,"LINESTRING (-122.39757446704941 37.78976259875658, -122.39831582494942 37.78917733050455)"
9096001,MISSION,ST,Financial District South,9096001,"LINESTRING (-122.404266872172 37.78447874460379, -122.40486479457891 37.78400661371894)"
9096002,MISSION,ST,Financial District South,9096002,"LINESTRING (-122.40486479457891 37.78400661371894, -122.40602380906853 37.78309140375166)"
9096003,MISSION,ST,Financial District South,9096003,"LINESTRING (-122.40602380906853 37.78309140375166, -122.40647940284595 37.78273163630402)"
9191000,MISSION,ST,Outer Mission,9191000,"LINESTRING (-122.44767244295566 37.710748523164, -122.44837696186318 37.71037270804869)"
9100000,MISSION,ST,South of Market,9100000,"LINESTRING (-122.40870867338742 37.78097118284819, -122.41093657426327 37.779211685371926)"
9083000,MISSION,ST,South Beach,9083000,"LINESTRING (-122.39318133282724 37.79323049240148, -122.39405962423074 37.79253721707925)"
9175201,MISSION,ST,Mission Terrace,9175201,"LINESTRING (-122.4395003752694 37.71846722575565, -122.43955696244116 37.71844571840733, -122.44010611650917 37.7177193066229, -122.44010660685457 37.71766530903906)"
9180000,MISSION,ST,Outer Mission,9180000,"LINESTRING (-122.44169115934106 37.71557269933295, -122.44179946440104 37.71542968023309)"
9186000,MISSION,ST,Outer Mission,9186000,"LINESTRING (-122.44395162746312 37.713362091011156, -122.44457108238926 37.71278342722237)"
9192000,MISSION,ST,Outer Mission,9192000,"LINESTRING (-122.44837696186318 37.71037270804869, -122.44893095058865 37.71007403549069, -122.44930866728122 37.70994620361074)"
9122002,MISSION,ST,Inner Mission,9122002,"LINESTRING (-122.41901153331114 37.758199785567335, -122.41890102864883 37.75703540215724)"
9128000,MISSION,ST,Inner Mission,9128000,"LINESTRING (-122.4181352514231 37.749041287369344, -122.41809362836337 37.7486053602094, -122.41809663755882 37.74847832001336, -122.41822117070208 37.74816568928836)"
9134000,MISSION,ST,Bernal Heights North,9134000,"LINESTRING (-122.42089365980519 37.74403763234487, -122.4214854504341 37.743122663971114)"
9141000,MISSION,ST,Bernal Heights South,9141000,"LINESTRING (-122.423089906458 37.74064188702958, -122.42358024013373 37.73988370513015)"
9147201,MISSION,ST,Bernal Heights South,9147201,"LINESTRING (-122.42470256124085 37.73536987051904, -122.42487772975686 37.7352385078192, -122.42576004234938 37.7343540622685, -122.42579180316527 37.73427799770757)"
9151101,MISSION,ST,Excelsior,9151101,"LINESTRING (-122.42930439724509 37.730742173159626, -122.42929413215927 37.73068108956858, -122.43000624016008 37.72996451051241, -122.4301109181342 37.72993058798184)"
9154101,MISSION,ST,Excelsior,9154101,"LINESTRING (-122.4308092567339 37.72922784588175, -122.43081722261478 37.72914725678458, -122.43117936382332 37.728774869839306, -122.43129384330486 37.72872954880904)"
9085000,MISSION,ST,Financial District South,9085000,"LINESTRING (-122.39494023708204 37.791842090150844, -122.39581342125622 37.791152808444416)"
9197000,MISSION,ST,Outer Mission,9197000,"LINESTRING (-122.4526647227786 37.70880633777149, -122.45428112594834 37.70825596004652)"
9159000,MISSION,ST,Mission Terrace,9159000,"LINESTRING (-122.43291179366561 37.72717755081583, -122.43335744989108 37.726588203216004)"
9160000,MISSION,ST,Mission Terrace,9160000,"LINESTRING (-122.43335744989108 37.726588203216004, -122.43362359121338 37.726236244212984)"
9162000,MISSION,ST,Mission Terrace,9162000,"LINESTRING (-122.43398235612646 37.72576179026177, -122.4344256966485 37.72517547622067)"
9163000,MISSION,ST,Mission Terrace,9163000,"LINESTRING (-122.4344256966485 37.72517547622067, -122.4347984137475 37.72468255445369)"
9165000,MISSION,ST,Mission Terrace,9165000,"LINESTRING (-122.43487037915175 37.724587705566336, -122.43531256955848 37.72400490889743)"
9166000,MISSION,ST,Mission Terrace,9166000,"LINESTRING (-122.43531256955848 37.72400490889743, -122.43538508617654 37.723909402949644)"
9167000,MISSION,ST,Mission Terrace,9167000,"LINESTRING (-122.43538508617654 37.723909402949644, -122.435976888114 37.72312996299627)"
9169000,MISSION,ST,Mission Terrace,9169000,"LINESTRING (-122.43604007290506 37.72304446975431, -122.43646816586605 37.72246521853347)"
9170000,MISSION,ST,Mission Terrace,9170000,"LINESTRING (-122.43646816586605 37.72246521853347, -122.43714952448168 37.721575000880826)"
9171101,MISSION,ST,Excelsior,9171101,"LINESTRING (-122.43714952448168 37.721575000880826, -122.43715086658463 37.72152080702711, -122.43739617995546 37.72119604520036, -122.43746114010328 37.721163547978215)"
9171201,MISSION,ST,Mission Terrace,9171201,"LINESTRING (-122.43714952448168 37.721575000880826, -122.43720910751247 37.72154960372576, -122.43745708664478 37.72122217520381, -122.43746114010328 37.721163547978215)"
9172101,MISSION,ST,Excelsior,9172101,"LINESTRING (-122.43746114010328 37.721163547978215, -122.43746980641771 37.72109876043695, -122.43825078448656 37.72006616077409, -122.43832941352946 37.720015525277375)"
9173101,MISSION,ST,Excelsior,9173101,"LINESTRING (-122.43832941352946 37.720015525277375, -122.43832817626128 37.719963833123444, -122.43879293169476 37.719351158139254, -122.43886348609112 37.71930935999118)"
9173201,MISSION,ST,Mission Terrace,9173201,"LINESTRING (-122.43832941352946 37.720015525277375, -122.43838867386484 37.7199904995864, -122.43885503107099 37.719373867474175, -122.43886348609112 37.71930935999118)"
9174101,MISSION,ST,Excelsior,9174101,"LINESTRING (-122.43886348609112 37.71930935999118, -122.43886151334826 37.719258637206835, -122.43944060036281 37.718492934898435, -122.4395003752694 37.71846722575565)"
9174201,MISSION,ST,Mission Terrace,9174201,"LINESTRING (-122.43886348609112 37.71930935999118, -122.43892171561554 37.71928569709376, -122.43949735587317 37.71852454947213, -122.4395003752694 37.71846722575565)"
9090000,MISSION,ST,Financial District South,9090000,"LINESTRING (-122.39856429337067 37.78898117329391, -122.39935849159846 37.78835417027178)"
9091000,MISSION,ST,Financial District South,9091000,"LINESTRING (-122.39935849159846 37.78835417027178, -122.39979802405762 37.78800716070537)"
9092000,MISSION,ST,Financial District South,9092000,"LINESTRING (-122.39979802405762 37.78800716070537, -122.40050309616417 37.787450499016835)"
9093000,MISSION,ST,Financial District South,9093000,"LINESTRING (-122.40050309616417 37.787450499016835, -122.40126150217576 37.78685171562152)"
9094000,MISSION,ST,Financial District South,9094000,"LINESTRING (-122.40126150217576 37.78685171562152, -122.40202541968891 37.786248151755245)"
9097000,MISSION,ST,South of Market,9097000,"LINESTRING (-122.40647940284595 37.78273163630402, -122.40716438314801 37.78219072147552)"
9099000,MISSION,ST,South of Market,9099000,"LINESTRING (-122.4072546750804 37.782119419227804, -122.40870867338742 37.78097118284819)"
9101000,MISSION,ST,South of Market,9101000,"LINESTRING (-122.41093657426327 37.779211685371926, -122.41241334370177 37.77804532892118)"
9102000,MISSION,ST,South of Market,9102000,"LINESTRING (-122.41241334370177 37.77804532892118, -122.41315769137628 37.777457420008425)"
9103000,MISSION,ST,South of Market,9103000,"LINESTRING (-122.41315769137628 37.777457420008425, -122.4141068955 37.776707687587496)"
9105000,MISSION,ST,South of Market,9105000,"LINESTRING (-122.41471100388773 37.77623051936919, -122.41512795277124 37.77588970315427)"
9106000,MISSION,ST,South of Market,9106000,"LINESTRING (-122.41512795277124 37.77588970315427, -122.41548475044387 37.77560725709965)"
9107000,MISSION,ST,South of Market,9107000,"LINESTRING (-122.41548475044387 37.77560725709965, -122.41590817887767 37.77527206015794)"
9108000,MISSION,ST,South of Market,9108000,"LINESTRING (-122.41590817887767 37.77527206015794, -122.41710413618293 37.774325287218616)"
9109102,MISSION,ST,South of Market,9109102,"LINESTRING (-122.41803023193879 37.773474419839545, -122.41840936421325 37.77311090356973, -122.41861821680205 37.773053453928895)"
9109201,MISSION,ST,South of Market,9109201,"LINESTRING (-122.41710413618293 37.774325287218616, -122.4172331362232 37.77426859074853, -122.41847156728674 37.77327456122275, -122.41861821680205 37.773053453928895)"
9110000,MISSION,ST,South of Market,9110000,"LINESTRING (-122.41861821680205 37.773053453928895, -122.41869466654303 37.772793495624356, -122.41917312697836 37.77200125345177, -122.41961066463077 37.77110673811594, -122.41964545860844 37.77100577218322)"
9111000,MISSION,ST,South of Market,9111000,"LINESTRING (-122.41964545860844 37.77100577218322, -122.41975852482723 37.770672595331874)"
9111001,MISSION,ST,South of Market,9111001,"LINESTRING (-122.41975852482723 37.770672595331874, -122.41985346975864 37.7703928117208, -122.42000832048357 37.770111448584785)"
9112101,MISSION,ST,Inner Mission,9112101,"LINESTRING (-122.42000832048357 37.770111448584785, -122.41989880864715 37.76989336078789, -122.41994381127115 37.76960067068199, -122.42000379136394 37.769126504272464, -122.4200320906095 37.76904544592114)"
9113000,MISSION,ST,Inner Mission,9113000,"LINESTRING (-122.4200320906095 37.76904544592114, -122.41998151154081 37.76827365384319)"
9114000,MISSION,ST,Inner Mission,9114000,"LINESTRING (-122.41998151154081 37.76827365384319, -122.41982523400044 37.76667360113005)"
9115000,MISSION,ST,Inner Mission,9115000,"LINESTRING (-122.41982523400044 37.76667360113005, -122.41966897224114 37.76505133733294)"
9116000,MISSION,ST,Inner Mission,9116000,"LINESTRING (-122.41966897224114 37.76505133733294, -122.41951273649501 37.76342927290186)"
9117000,MISSION,ST,Inner Mission,9117000,"LINESTRING (-122.41951273649501 37.76342927290186, -122.41947628736386 37.76305083976056)"
9119000,MISSION,ST,Inner Mission,9119000,"LINESTRING (-122.41944373614392 37.762712866985844, -122.4193592670651 37.76183585545122)"
9120000,MISSION,ST,Inner Mission,9120000,"LINESTRING (-122.4193592670651 37.76183585545122, -122.4192060431784 37.76023535498799)"
9121000,MISSION,ST,Inner Mission,9121000,"LINESTRING (-122.4192060431784 37.76023535498799, -122.41905260666962 37.7586325662972)"
9122001,MISSION,ST,Inner Mission,9122001,"LINESTRING (-122.41905260666962 37.7586325662972, -122.41901153331114 37.758199785567335)"
9082000,MISSION,ST,South Beach,9082000,"LINESTRING (-122.39249932961967 37.7937688144561, -122.39318133282724 37.79323049240148)"
9084000,MISSION,ST,South Beach,9084000,"LINESTRING (-122.39405962423074 37.79253721707925, -122.39494023708204 37.791842090150844)"
9175101,MISSION,ST,Excelsior,9175101,"LINESTRING (-122.4395003752694 37.71846722575565, -122.4394967515562 37.718418606584116, -122.44004217065208 37.717695742767475, -122.44010660685457 37.71766530903906)"
9176101,MISSION,ST,Excelsior,9176101,"LINESTRING (-122.44010660685457 37.71766530903906, -122.44013262989306 37.717586749643495, -122.44035543359118 37.717285489375705, -122.44041773725704 37.71724461940495)"
9176201,MISSION,ST,Mission Terrace,9176201,"LINESTRING (-122.44010660685457 37.71766530903906, -122.44018561087877 37.717623548637, -122.44041762791609 37.717309827751755, -122.44041773725704 37.71724461940495)"
9177000,MISSION,ST,Mission Terrace,9177000,"LINESTRING (-122.44041773725704 37.71724461940495, -122.44101956112058 37.71645954644585)"
9178000,MISSION,ST,Outer Mission,9178000,"LINESTRING (-122.44101956112058 37.71645954644585, -122.44155428465281 37.715753444271336)"
9179000,MISSION,ST,Outer Mission,9179000,"LINESTRING (-122.44155428465281 37.715753444271336, -122.44169115934106 37.71557269933295)"
9181000,MISSION,ST,Outer Mission,9181000,"LINESTRING (-122.44179946440104 37.71542968023309, -122.44189552465033 37.715308255463924, -122.4425649629628 37.71466061879331)"
9182000,MISSION,ST,Outer Mission,9182000,"LINESTRING (-122.4425649629628 37.71466061879331, -122.442661526303 37.71456719817238)"
9183000,MISSION,ST,Outer Mission,9183000,"LINESTRING (-122.442661526303 37.71456719817238, -122.44334561029423 37.71392818916238)"
9184000,MISSION,ST,Outer Mission,9184000,"LINESTRING (-122.44334561029423 37.71392818916238, -122.4437060318323 37.71359151124147)"
9185000,MISSION,ST,Outer Mission,9185000,"LINESTRING (-122.4437060318323 37.71359151124147, -122.44395162746312 37.713362091011156)"
9187000,MISSION,ST,Outer Mission,9187000,"LINESTRING (-122.44457108238926 37.71278342722237, -122.44474329089508 37.71262221774599)"
9188000,MISSION,ST,Outer Mission,9188000,"LINESTRING (-122.44474329089508 37.71262221774599, -122.44552847282196 37.7118865697689, -122.44609113038257 37.71159202117308)"
9189000,MISSION,ST,Outer Mission,9189000,"LINESTRING (-122.44609113038257 37.71159202117308, -122.44638334918153 37.71143614961627)"
9190000,MISSION,ST,Outer Mission,9190000,"LINESTRING (-122.44638334918153 37.71143614961627, -122.44767244295566 37.710748523164)"
9193000,MISSION,ST,Outer Mission,9193000,"LINESTRING (-122.44930866728122 37.70994620361074, -122.4500954866061 37.70967991288075)"
9194000,MISSION,ST,Outer Mission,9194000,"LINESTRING (-122.4500954866061 37.70967991288075, -122.45049893004253 37.70954336840131)"
9195000,MISSION,ST,Outer Mission,9195000,"LINESTRING (-122.45049893004253 37.70954336840131, -122.45088366683552 37.70941274293915)"
9196000,MISSION,ST,Outer Mission,9196000,"LINESTRING (-122.45088366683552 37.70941274293915, -122.4526647227786 37.70880633777149)"
9123000,MISSION,ST,Inner Mission,9123000,"LINESTRING (-122.41890102864883 37.75703540215724, -122.41874757395883 37.75543693590471)"
9124000,MISSION,ST,Inner Mission,9124000,"LINESTRING (-122.41874757395883 37.75543693590471, -122.4185939450844 37.753836587766095)"
9125000,MISSION,ST,Inner Mission,9125000,"LINESTRING (-122.4185939450844 37.753836587766095, -122.41844527107035 37.752239454047896)"
9126000,MISSION,ST,Inner Mission,9126000,"LINESTRING (-122.41844527107035 37.752239454047896, -122.4182878697044 37.75063965051581)"
9127000,MISSION,ST,Inner Mission,9127000,"LINESTRING (-122.4182878697044 37.75063965051581, -122.4181352514231 37.749041287369344)"
9129000,MISSION,ST,Bernal Heights North,9129000,"LINESTRING (-122.41822117070208 37.74816568928836, -122.41912130107434 37.746775140680434)"
9130000,MISSION,ST,Bernal Heights North,9130000,"LINESTRING (-122.41912130107434 37.746775140680434, -122.41950511360498 37.74618268326702)"
9131000,MISSION,ST,Bernal Heights North,9131000,"LINESTRING (-122.41950511360498 37.74618268326702, -122.41988576381117 37.7455950961387)"
9132000,MISSION,ST,Bernal Heights North,9132000,"LINESTRING (-122.41988576381117 37.7455950961387, -122.42001912673742 37.74538902061538)"
9133000,MISSION,ST,Bernal Heights North,9133000,"LINESTRING (-122.42001912673742 37.74538902061538, -122.42089365980519 37.74403763234487)"
9135000,MISSION,ST,Bernal Heights North,9135000,"LINESTRING (-122.4214854504341 37.743122663971114, -122.42168044820176 37.74282117411685)"
9136000,MISSION,ST,Bernal Heights North,9136000,"LINESTRING (-122.42168044820176 37.74282117411685, -122.42196876141257 37.7423753980593)"
9137000,MISSION,ST,Bernal Heights North,9137000,"LINESTRING (-122.42196876141257 37.7423753980593, -122.42208378466708 37.74219755369598)"
9138000,MISSION,ST,Bernal Heights North,9138000,"LINESTRING (-122.42208378466708 37.74219755369598, -122.42236645899756 37.74176048849311)"
9139000,MISSION,ST,Bernal Heights North,9139000,"LINESTRING (-122.42236645899756 37.74176048849311, -122.42284057768018 37.74102740774196)"
9140000,MISSION,ST,Bernal Heights South,9140000,"LINESTRING (-122.42284057768018 37.74102740774196, -122.423089906458 37.74064188702958)"
9142000,MISSION,ST,Bernal Heights South,9142000,"LINESTRING (-122.42358024013373 37.73988370513015, -122.42378975866637 37.73955972863376, -122.4239236040523 37.73923932987392, -122.42394878391752 37.73884328463044)"
9143000,MISSION,ST,Bernal Heights South,9143000,"LINESTRING (-122.42394878391752 37.73884328463044, -122.424040148774 37.73740624662911)"
9095101,MISSION,ST,Financial District South,9095101,"LINESTRING (-122.40202541968891 37.786248151755245, -122.40208169370936 37.78612626000188, -122.40410744188917 37.78452713243588, -122.404266872172 37.78447874460379)"
9095201,MISSION,ST,Financial District South,9095201,"LINESTRING (-122.40202541968891 37.786248151755245, -122.40215283871665 37.78618630609296, -122.40350128166986 37.78512185378399)"
9161000,MISSION,ST,Mission Terrace,9161000,"LINESTRING (-122.43362359121338 37.726236244212984, -122.43398235612646 37.72576179026177)"
9168000,MISSION,ST,Mission Terrace,9168000,"LINESTRING (-122.435976888114 37.72312996299627, -122.43604007290506 37.72304446975431)"
9172201,MISSION,ST,Mission Terrace,9172201,"LINESTRING (-122.43746114010328 37.721163547978215, -122.43753306031925 37.72112178592232, -122.43831151584435 37.72009252007, -122.43832941352946 37.720015525277375)"
9089000,MISSION,ST,Financial District South,9089000,"LINESTRING (-122.39831582494942 37.78917733050455, -122.39856429337067 37.78898117329391)"
9098000,MISSION,ST,South of Market,9098000,"LINESTRING (-122.40716438314801 37.78219072147552, -122.4072546750804 37.782119419227804)"
9104000,MISSION,ST,South of Market,9104000,"LINESTRING (-122.4141068955 37.776707687587496, -122.41471100388773 37.77623051936919)"
9109101,MISSION,ST,South of Market,9109101,"LINESTRING (-122.41710413618293 37.774325287218616, -122.4171865110376 37.774226333665474, -122.41764927243703 37.77384198597226, -122.41803023193879 37.773474419839545)"
9112201,MISSION,ST,Inner Mission,9112201,"LINESTRING (-122.42000832048357 37.770111448584785, -122.42015293759565 37.76988510237226, -122.4201563546235 37.76958678146544, -122.42010656654857 37.769107112928545, -122.4200320906095 37.76904544592114)"
9118000,MISSION,ST,Inner Mission,9118000,"LINESTRING (-122.41947628736386 37.76305083976056, -122.41944373614392 37.762712866985844)"
9144000,MISSION,ST,Bernal Heights South,9144000,"LINESTRING (-122.424040148774 37.73740624662911, -122.42406339924267 37.737239729372334, -122.4242350828209 37.73673747986065)"
9145000,MISSION,ST,Bernal Heights South,9145000,"LINESTRING (-122.4242350828209 37.73673747986065, -122.42446626337994 37.736061171375624)"
9146000,MISSION,ST,Bernal Heights South,9146000,"LINESTRING (-122.42446626337994 37.736061171375624, -122.42470256124085 37.73536987051904)"
9148101,MISSION,ST,Bernal Heights South,9148101,"LINESTRING (-122.42579180316527 37.73427799770757, -122.42579058289334 37.73423499715098, -122.42605619373231 37.733968737264014, -122.42611453902514 37.73395447512807)"
9148201,MISSION,ST,Bernal Heights South,9148201,"LINESTRING (-122.42579180316527 37.73427799770757, -122.42585172273462 37.73426215843792, -122.42611413330616 37.73399910790066, -122.42611453902514 37.73395447512807)"
9149101,MISSION,ST,Bernal Heights South,9149101,"LINESTRING (-122.42611453902514 37.73395447512807, -122.42611772735405 37.733906815679894, -122.42629634630916 37.73372636972065, -122.42639116496888 37.73367501668073)"
9149201,MISSION,ST,Bernal Heights South,9149201,"LINESTRING (-122.42611453902514 37.73395447512807, -122.42617515852122 37.73393767270441, -122.42637491870617 37.733735867239105, -122.42639116496888 37.73367501668073)"
9150000,MISSION,ST,Bernal Heights South,9150000,"LINESTRING (-122.42639116496888 37.73367501668073, -122.42930439724509 37.730742173159626)"
9151201,MISSION,ST,Mission Terrace,9151201,"LINESTRING (-122.42930439724509 37.730742173159626, -122.42937775410329 37.73071987002578, -122.43010466019705 37.72998840092365, -122.4301109181342 37.72993058798184)"
9152101,MISSION,ST,Excelsior,9152101,"LINESTRING (-122.4301109181342 37.72993058798184, -122.4300811439324 37.729889135879645, -122.4301227401798 37.729847276876754, -122.43018123652891 37.729859826351145)"
9152201,MISSION,ST,Mission Terrace,9152201,"LINESTRING (-122.4301109181342 37.72993058798184, -122.43015799362348 37.72993473224328, -122.4301989793957 37.72989348756892, -122.43018123652891 37.729859826351145)"
9153101,MISSION,ST,Excelsior,9153101,"LINESTRING (-122.43018123652891 37.729859826351145, -122.43018591001432 37.72978371184315, -122.43072257012663 37.729243665292145, -122.4308092567339 37.72922784588175)"
9153201,MISSION,ST,Mission Terrace,9153201,"LINESTRING (-122.43018123652891 37.729859826351145, -122.43026036889603 37.729831712413564, -122.4308048137217 37.729283832006715, -122.4308092567339 37.72922784588175)"
9154201,MISSION,ST,Mission Terrace,9154201,"LINESTRING (-122.4308092567339 37.72922784588175, -122.43087793479351 37.729209439521, -122.43126896767009 37.728807342267835, -122.43129384330486 37.72872954880904)"
9155000,MISSION,ST,Mission Terrace,9155000,"LINESTRING (-122.43129384330486 37.72872954880904, -122.43180080191505 37.7282494661622)"
9156000,MISSION,ST,Mission Terrace,9156000,"LINESTRING (-122.43180080191505 37.7282494661622, -122.43236326416827 37.72771681470349)"
9157000,MISSION,ST,Mission Terrace,9157000,"LINESTRING (-122.43236326416827 37.72771681470349, -122.43244732408841 37.727637208074995)"
9095202,MISSION,ST,Financial District South,9095202,"LINESTRING (-122.40350128166986 37.78512185378399, -122.40418065182536 37.784585545590566, -122.404266872172 37.78447874460379)"
9753000,OAK,ST,Hayes Valley,9753000,"LINESTRING (-122.42413649964432 37.774824794458176, -122.42588849826762 37.774598785017076)"
9752000,OAK,ST,Hayes Valley,9752000,"LINESTRING (-122.42259804235147 37.77502069606184, -122.42413649964432 37.774824794458176)"
9770000,OAK,ST,Haight Ashbury,9770000,"LINESTRING (-122.4522417777521 37.771229827473825, -122.45378199814147 37.7710219478375, -122.45390245430855 37.77105383783472)"
9769000,OAK,ST,Haight Ashbury,9769000,"LINESTRING (-122.45060018007578 37.77146014301568, -122.45187073793826 37.771298735634275, -122.4522417777521 37.771229827473825)"
9767000,OAK,ST,Haight Ashbury,9767000,"LINESTRING (-122.44731242133625 37.77187774227143, -122.44895799366348 37.771668739700125)"
9766000,OAK,ST,Haight Ashbury,9766000,"LINESTRING (-122.44571666519963 37.772080394446185, -122.44731242133625 37.77187774227143)"
9765000,OAK,ST,Haight Ashbury,9765000,"LINESTRING (-122.4440243078149 37.77229529029459, -122.44571666519963 37.772080394446185)"
9764000,OAK,ST,Haight Ashbury,9764000,"LINESTRING (-122.44237797789283 37.77250431579648, -122.4440243078149 37.77229529029459)"
9762000,OAK,ST,Haight Ashbury,9762000,"LINESTRING (-122.43908860005594 37.77292198184303, -122.44073514713622 37.77271287349198)"
9761000,OAK,ST,Haight Ashbury,9761000,"LINESTRING (-122.43742293951387 37.77313349322287, -122.43908860005594 37.77292198184303)"
9760000,OAK,ST,Hayes Valley,9760000,"LINESTRING (-122.43575149881131 37.77334571283065, -122.43742293951387 37.77313349322287)"
9759000,OAK,ST,Hayes Valley,9759000,"LINESTRING (-122.43410901098493 37.77354937695489, -122.43575149881131 37.77334571283065)"
9758000,OAK,ST,Hayes Valley,9758000,"LINESTRING (-122.43246706825506 37.773756990582314, -122.43410901098493 37.77354937695489)"
9756000,OAK,ST,Hayes Valley,9756000,"LINESTRING (-122.42917834346346 37.77418142278242, -122.43082471362939 37.77397252049689)"
9755000,OAK,ST,Hayes Valley,9755000,"LINESTRING (-122.42754641611542 37.77438846775749, -122.42917834346346 37.77418142278242)"
9754000,OAK,ST,Hayes Valley,9754000,"LINESTRING (-122.42588849826762 37.774598785017076, -122.42754641611542 37.77438846775749)"
9750000,OAK,ST,Van Ness - Civic Center,9750000,"LINESTRING (-122.41939688866853 37.77542222092065, -122.42079502430197 37.775248910737915, -122.42095992095597 37.77523233512841)"
9751000,OAK,ST,Van Ness - Civic Center,9751000,"LINESTRING (-122.42095992095597 37.77523233512841, -122.42109730129216 37.77521852568993, -122.42259804235147 37.77502069606184)"
9757000,OAK,ST,Hayes Valley,9757000,"LINESTRING (-122.43082471362939 37.77397252049689, -122.43235101946138 37.77377883320016, -122.43246706825506 37.773756990582314)"
9763000,OAK,ST,Haight Ashbury,9763000,"LINESTRING (-122.44073514713622 37.77271287349198, -122.44237797789283 37.77250431579648)"
9768000,OAK,ST,Haight Ashbury,9768000,"LINESTRING (-122.44895799366348 37.771668739700125, -122.45060018007578 37.77146014301568)"
10481000,PINE,ST,Lower Pacfic Heights,10481000,"LINESTRING (-122.42705967157103 37.78878689529612, -122.42871211076617 37.78857706835448)"
10480000,PINE,ST,Lower Pacfic Heights,10480000,"LINESTRING (-122.42542298023024 37.788994699515996, -122.42705967157103 37.78878689529612)"
10479000,PINE,ST,Van Ness - Civic Center,10479000,"LINESTRING (-122.42378108218462 37.789203141134834, -122.42542298023024 37.788994699515996)"
10477000,PINE,ST,Van Ness - Civic Center,10477000,"LINESTRING (-122.42049344257045 37.78962043675436, -122.4221352080565 37.78941206075673)"
10476000,PINE,ST,Downtown - Tenderloin,10476000,"LINESTRING (-122.41884265205404 37.7898299343965, -122.42049344257045 37.78962043675436)"
10475000,PINE,ST,Downtown - Tenderloin,10475000,"LINESTRING (-122.41720479886273 37.7900451416777, -122.41884265205404 37.7898299343965)"
10473000,PINE,ST,Downtown - Tenderloin,10473000,"LINESTRING (-122.4142965503627 37.79041474210158, -122.41555908613303 37.790254299196015)"
10471000,PINE,ST,Downtown - Tenderloin,10471000,"LINESTRING (-122.41226618753294 37.79067278352565, -122.41391588012458 37.790463114646855)"
10470000,PINE,ST,Downtown - Tenderloin,10470000,"LINESTRING (-122.41099802343977 37.79083323431634, -122.41226618753294 37.79067278352565)"
10469000,PINE,ST,Downtown - Tenderloin,10469000,"LINESTRING (-122.41062287152326 37.79088069708925, -122.41099802343977 37.79083323431634)"
10468000,PINE,ST,Downtown - Tenderloin,10468000,"LINESTRING (-122.40897627526725 37.791089001921655, -122.41062287152326 37.79088069708925)"
10467000,PINE,ST,Downtown - Tenderloin,10467000,"LINESTRING (-122.40806043348707 37.79120485044365, -122.40897627526725 37.791089001921655)"
10465000,PINE,ST,Financial District North,10465000,"LINESTRING (-122.40574187913253 37.7914981020122, -122.40732292894266 37.79129813539353)"
10464000,PINE,ST,Financial District North,10464000,"LINESTRING (-122.40544105876762 37.79153614588001, -122.40574187913253 37.7914981020122)"
10463000,PINE,ST,Financial District North,10463000,"LINESTRING (-122.40452450315884 37.791652055829836, -122.40544105876762 37.79153614588001)"
10462000,PINE,ST,Financial District North,10462000,"LINESTRING (-122.40421983478669 37.791690583410706, -122.40452450315884 37.791652055829836)"
10461000,PINE,ST,Financial District North,10461000,"LINESTRING (-122.40386871651121 37.7917349851729, -122.40421983478669 37.791690583410706)"
10493000,PINE,ST,Lower Pacfic Heights,10493000,"LINESTRING (-122.44520849330782 37.78648090312512, -122.44661046566925 37.786302298534416)"
10492000,PINE,ST,Lower Pacfic Heights,10492000,"LINESTRING (-122.44355977902939 37.7866909193604, -122.44520849330782 37.78648090312512)"
10491000,PINE,ST,Lower Pacfic Heights,10491000,"LINESTRING (-122.44191562031091 37.78690033081302, -122.44355977902939 37.7866909193604)"
10490000,PINE,ST,Lower Pacfic Heights,10490000,"LINESTRING (-122.4402499560136 37.78711245554227, -122.44191562031091 37.78690033081302)"
10474000,PINE,ST,Downtown - Tenderloin,10474000,"LINESTRING (-122.41555908613303 37.790254299196015, -122.41720479886273 37.7900451416777)"
10488000,PINE,ST,Lower Pacfic Heights,10488000,"LINESTRING (-122.4369354479292 37.78753250171559, -122.43858157002772 37.78732490422166)"
10460000,PINE,ST,Financial District North,10460000,"LINESTRING (-122.40257133043488 37.791898940303774, -122.40386871651121 37.7917349851729)"
10466000,PINE,ST,Downtown - Tenderloin,10466000,"LINESTRING (-122.40732292894266 37.79129813539353, -122.40806043348707 37.79120485044365)"
10472000,PINE,ST,Downtown - Tenderloin,10472000,"LINESTRING (-122.41391588012458 37.790463114646855, -122.4142965503627 37.79041474210158)"
10478000,PINE,ST,Van Ness - Civic Center,10478000,"LINESTRING (-122.4221352080565 37.78941206075673, -122.42378108218462 37.789203141134834)"
10489000,PINE,ST,Lower Pacfic Heights,10489000,"LINESTRING (-122.43858157002772 37.78732490422166, -122.4402499560136 37.78711245554227)"
10487000,PINE,ST,Lower Pacfic Heights,10487000,"LINESTRING (-122.43529313201728 37.787741165033495, -122.4369354479292 37.78753250171559)"
10483000,PINE,ST,Lower Pacfic Heights,10483000,"LINESTRING (-122.43035591797296 37.7883683123527, -122.43200332506032 37.788159074471764)"
10482000,PINE,ST,Lower Pacfic Heights,10482000,"LINESTRING (-122.42871211076617 37.78857706835448, -122.43035591797296 37.7883683123527)"
10486000,PINE,ST,Lower Pacfic Heights,10486000,"LINESTRING (-122.43364712398414 37.787950272535404, -122.43529313201728 37.787741165033495)"
10485000,PINE,ST,Lower Pacfic Heights,10485000,"LINESTRING (-122.4328255583193 37.788054634975936, -122.43364712398414 37.787950272535404)"
10484000,PINE,ST,Lower Pacfic Heights,10484000,"LINESTRING (-122.43200332506032 37.788159074471764, -122.4328255583193 37.788054634975936)"
13143102,VAN NESS,AVE,Van Ness - Civic Center,13143102,"LINESTRING (-122.41939688866853 37.77542222092065, -122.41949151056426 37.775894186859574)"
13143103,VAN NESS,AVE,Van Ness - Civic Center,13143103,"LINESTRING (-122.41949151056426 37.775894186859574, -122.41956456000082 37.77626151621964, -122.41950629407681 37.77636887006124)"
13143201,VAN NESS,AVE,Van Ness - Civic Center,13143201,"LINESTRING (-122.41925560574361 37.77514707402592, -122.41920228488225 37.77528385700718, -122.41940892984185 37.77628084740718, -122.41950629407681 37.77636887006124)"
13144201,VAN NESS,AVE,Van Ness - Civic Center,13144201,"LINESTRING (-122.41950629407681 37.77636887006124, -122.41944856276345 37.77647585101426, -122.41959814048577 37.777211798913534, -122.41969356626672 37.77729985603636)"
13145101,VAN NESS,AVE,Van Ness - Civic Center,13145101,"LINESTRING (-122.41969356626672 37.77729985603636, -122.41978846691944 37.77738742913191, -122.41993416456458 37.77812005546921, -122.41988323005008 37.77825101731278)"
13145201,VAN NESS,AVE,Van Ness - Civic Center,13145201,"LINESTRING (-122.41969356626672 37.77729985603636, -122.41963777326575 37.77740679972335, -122.41971162564681 37.777770152279636)"
13145202,VAN NESS,AVE,Van Ness - Civic Center,13145202,"LINESTRING (-122.41971162564681 37.777770152279636, -122.41978799705856 37.77814590078237, -122.41988323005008 37.77825101731278)"
13146101,VAN NESS,AVE,Van Ness - Civic Center,13146101,"LINESTRING (-122.41988323005008 37.77825101731278, -122.41996797221678 37.778312126540825, -122.42031064008894 37.779917047635784, -122.42024718391532 37.78007469638843)"
13146201,VAN NESS,AVE,Van Ness - Civic Center,13146201,"LINESTRING (-122.41988323005008 37.77825101731278, -122.41981653899525 37.77834244920442, -122.42013724697686 37.77993545992282, -122.42024718391532 37.78007469638843)"
13147201,VAN NESS,AVE,Van Ness - Civic Center,13147201,"LINESTRING (-122.42024718391532 37.78007469638843, -122.42017288888981 37.780213134859636, -122.42025545905186 37.7805762179209)"
13147202,VAN NESS,AVE,Van Ness - Civic Center,13147202,"LINESTRING (-122.42025545905186 37.7805762179209, -122.42033611610492 37.78093089088988, -122.42043951840937 37.78103084199092)"
13148101,VAN NESS,AVE,Van Ness - Civic Center,13148101,"LINESTRING (-122.42043951840937 37.78103084199092, -122.42055202585398 37.78112567243534, -122.42069278260126 37.78185153445673, -122.42063825015363 37.78196076637666)"
13148201,VAN NESS,AVE,Van Ness - Civic Center,13148201,"LINESTRING (-122.42043951840937 37.78103084199092, -122.42037895808099 37.78114113452177, -122.420451902939 37.7815099702797)"
13148202,VAN NESS,AVE,Van Ness - Civic Center,13148202,"LINESTRING (-122.420451902939 37.7815099702797, -122.42052419030921 37.78187547767116, -122.42063825015363 37.78196076637666)"
13173201,VAN NESS,AVE,Russian Hill,13173201,"LINESTRING (-122.42510952055028 37.804145845815015, -122.42502589534148 37.80425209554917, -122.42517711736052 37.804997682461156, -122.42529856435068 37.80507790272384)"
13149201,VAN NESS,AVE,Van Ness - Civic Center,13149201,"LINESTRING (-122.42063825015363 37.78196076637666, -122.42056951896139 37.78207248496782, -122.42071539337601 37.782794022631585, -122.42081700286475 37.782894121582416)"
13151201,VAN NESS,AVE,Van Ness - Civic Center,13151201,"LINESTRING (-122.42100835981473 37.78382411800338, -122.42095466849567 37.78393967134941, -122.42101751446991 37.78430272896299)"
13150101,VAN NESS,AVE,Van Ness - Civic Center,13150101,"LINESTRING (-122.42081700286475 37.782894121582416, -122.42090133155004 37.78297719620916, -122.42097712436487 37.78335207494535)"
13150102,VAN NESS,AVE,Van Ness - Civic Center,13150102,"LINESTRING (-122.42097712436487 37.78335207494535, -122.42104984181498 37.78371174561119, -122.42100835981473 37.78382411800338)"
13150201,VAN NESS,AVE,Van Ness - Civic Center,13150201,"LINESTRING (-122.42081700286475 37.782894121582416, -122.42075471949025 37.78299578898833, -122.42083185118071 37.78337048795769)"
13150202,VAN NESS,AVE,Van Ness - Civic Center,13150202,"LINESTRING (-122.42083185118071 37.78337048795769, -122.42090463956947 37.78372409349133, -122.42100835981473 37.78382411800338)"
13151102,VAN NESS,AVE,Van Ness - Civic Center,13151102,"LINESTRING (-122.42117098601825 37.78428329154196, -122.42124265030327 37.78463521174912, -122.42119297410471 37.78475344651228)"
15101000,VAN NESS,AVE,Marina,15101000,"LINESTRING (-122.42547727023697 37.80595897750914, -122.42548761062511 37.80600996008358, -122.42562794816526 37.80645646812622, -122.42578019715869 37.80671493695072, -122.42625672860854 37.80718522140222, -122.42648852034652 37.80765186139802, -122.42661257177204 37.80815176525536)"
13155102,VAN NESS,AVE,Van Ness - Civic Center,13155102,"LINESTRING (-122.4219549063617 37.788001178287516, -122.42203222812212 37.78838335683369, -122.42194858448522 37.788489643407324)"
13155201,VAN NESS,AVE,Van Ness - Civic Center,13155201,"LINESTRING (-122.42175810499197 37.787548139748175, -122.4216744505738 37.78765436937959, -122.42174988159853 37.78802721467876)"
13155202,VAN NESS,AVE,Van Ness - Civic Center,13155202,"LINESTRING (-122.42174988159853 37.78802721467876, -122.42182722499263 37.78840950598225, -122.42194858448522 37.788489643407324)"
13156102,VAN NESS,AVE,Van Ness - Civic Center,13156102,"LINESTRING (-122.42214537931552 37.78894262389381, -122.42221886493091 37.78930583803837, -122.4221352080565 37.78941206075673)"
13156201,VAN NESS,AVE,Van Ness - Civic Center,13156201,"LINESTRING (-122.42194858448522 37.788489643407324, -122.42186494060866 37.78859592991955, -122.42194037468026 37.78896877413712)"
13156202,VAN NESS,AVE,Van Ness - Civic Center,13156202,"LINESTRING (-122.42194037468026 37.78896877413712, -122.4220138343893 37.789331862267844, -122.4221352080565 37.78941206075673)"
13157101,VAN NESS,AVE,Van Ness - Civic Center,13157101,"LINESTRING (-122.4221352080565 37.78941206075673, -122.42225658312069 37.789492260921755, -122.42240815243152 37.790241388682496, -122.42232895508621 37.790369659843634)"
13157201,VAN NESS,AVE,Van Ness - Civic Center,13157201,"LINESTRING (-122.4221352080565 37.78941206075673, -122.42205155094184 37.78951828521555, -122.42220312390057 37.79026744386977, -122.42232895508621 37.790369659843634)"
13149102,VAN NESS,AVE,Van Ness - Civic Center,13149102,"LINESTRING (-122.4208104577009 37.78241705447779, -122.4208819192882 37.78277612585702, -122.42081700286475 37.782894121582416)"
13158201,VAN NESS,AVE,Nob Hill,13158201,"LINESTRING (-122.42232895508621 37.790369659843634, -122.42224975746733 37.790497930047664, -122.42239354800728 37.79120860670273, -122.422514944422 37.79128889127241)"
13159101,VAN NESS,AVE,Pacific Heights,13159101,"LINESTRING (-122.422514944422 37.79128889127241, -122.42263633882885 37.79136917571546, -122.42277781948562 37.79206840372538, -122.4226941636934 37.79217464480966)"
13159201,VAN NESS,AVE,Nob Hill,13159201,"LINESTRING (-122.422514944422 37.79128889127241, -122.42243126873586 37.79139502856969, -122.42257278830387 37.79209446495218, -122.4226941636934 37.79217464480966)"
13160101,VAN NESS,AVE,Pacific Heights,13160101,"LINESTRING (-122.4226941636934 37.79217464480966, -122.42281554048022 37.79225482544232, -122.42295494717267 37.79294379618513, -122.42287120210219 37.79305000312237)"
13160201,VAN NESS,AVE,Nob Hill,13160201,"LINESTRING (-122.4226941636934 37.79217464480966, -122.42261050766116 37.79228088673347, -122.42274989550138 37.79296976761567, -122.42287120210219 37.79305000312237)"
13161201,VAN NESS,AVE,Nob Hill,13161201,"LINESTRING (-122.42287120210219 37.79305000312237, -122.42278745565656 37.79315620999783, -122.42292759595217 37.79385486249727, -122.42304880317907 37.79393500498809)"
13162101,VAN NESS,AVE,Pacific Heights,13162101,"LINESTRING (-122.42304880317907 37.79393500498809, -122.42317017638958 37.794015258208425, -122.42331081341386 37.794711050633715, -122.42322714743226 37.79481735511281)"
13162201,VAN NESS,AVE,Nob Hill,13162201,"LINESTRING (-122.42304880317907 37.79393500498809, -122.42296513769897 37.7940413065925, -122.4231057989148 37.79473723170502, -122.42322714743226 37.79481735511281)"
13163101,VAN NESS,AVE,Pacific Heights,13163101,"LINESTRING (-122.42322714743226 37.79481735511281, -122.42334849621216 37.79489747749366, -122.42349338219948 37.795614279916926, -122.42341305550559 37.79573710966956)"
13163201,VAN NESS,AVE,Nob Hill,13163201,"LINESTRING (-122.42322714743226 37.79481735511281, -122.42314348121083 37.79492365953049, -122.42328750958218 37.795636224818786, -122.42341305550559 37.79573710966956)"
13164101,VAN NESS,AVE,Pacific Heights,13164101,"LINESTRING (-122.42341305550559 37.79573710966956, -122.42353860290652 37.795837992583294, -122.4236885940181 37.796580033333086, -122.4236012971991 37.796691058233826)"
13164201,VAN NESS,AVE,Russian Hill,13164201,"LINESTRING (-122.42341305550559 37.79573710966956, -122.42333272854596 37.79585993846382, -122.42348360848861 37.79660638263674, -122.4236012971991 37.796691058233826)"
13165201,VAN NESS,AVE,Russian Hill,13165201,"LINESTRING (-122.4236012971991 37.796691058233826, -122.42352129268072 37.796792810282774, -122.42367159043525 37.79753635469544, -122.42379296454148 37.79761658199946)"
13166101,VAN NESS,AVE,Pacific Heights,13166101,"LINESTRING (-122.42379296454148 37.79761658199946, -122.42391433891054 37.797696808276505, -122.42406582690069 37.798446207636935, -122.4239821453161 37.79855245311776)"
13166201,VAN NESS,AVE,Russian Hill,13166201,"LINESTRING (-122.42379296454148 37.79761658199946, -122.42370927443577 37.797722781350984, -122.42386077740598 37.79847227287213, -122.4239821453161 37.79855245311776)"
13167101,VAN NESS,AVE,Cow Hollow,13167101,"LINESTRING (-122.4239821453161 37.79855245311776, -122.42410351235291 37.79863263413806, -122.42425424585318 37.79937828590409, -122.42417056462125 37.79948453240279)"
13167201,VAN NESS,AVE,Russian Hill,13167201,"LINESTRING (-122.4239821453161 37.79855245311776, -122.42389846349113 37.79865870033904, -122.42404919611862 37.79940435146264, -122.42417056462125 37.79948453240279)"
13168201,VAN NESS,AVE,Russian Hill,13168201,"LINESTRING (-122.42417056462125 37.79948453240279, -122.42408688087832 37.79959077974051, -122.42423796980856 37.80033817392889, -122.42435866786903 37.80041502819474)"
13169101,VAN NESS,AVE,Cow Hollow,13169101,"LINESTRING (-122.42435866786903 37.80041502819474, -122.42448003835945 37.800495208803, -122.42462267228903 37.80120076206529, -122.42453832527296 37.80130371926683)"
13169201,VAN NESS,AVE,Russian Hill,13169201,"LINESTRING (-122.42435866786903 37.80041502819474, -122.42427498448103 37.800521273847316, -122.42441762558033 37.80122686609701, -122.42453832527296 37.80130371926683)"
13170101,VAN NESS,AVE,Marina,13170101,"LINESTRING (-122.42453832527296 37.80130371926683, -122.4246676232703 37.801426257015805, -122.4248154103738 37.80217467570761, -122.42473125894908 37.802280983718006)"
13170201,VAN NESS,AVE,Russian Hill,13170201,"LINESTRING (-122.42453832527296 37.80130371926683, -122.42446251247502 37.80145204938083, -122.4246102510842 37.8022002376718, -122.42473125894908 37.802280983718006)"
13171201,VAN NESS,AVE,Russian Hill,13171201,"LINESTRING (-122.42473125894908 37.802280983718006, -122.42464756848814 37.80238670974958, -122.42479895974944 37.803133175848565, -122.42491880376178 37.80320550743709)"
13172101,VAN NESS,AVE,Marina,13172101,"LINESTRING (-122.42491880376178 37.80320550743709, -122.4250418232664 37.80329349273923, -122.42519063564515 37.80402721639338, -122.42510952055028 37.804145845815015)"
13172201,VAN NESS,AVE,Russian Hill,13172201,"LINESTRING (-122.42491880376178 37.80320550743709, -122.4248367663802 37.803319587577725, -122.42498720580224 37.80406133482142, -122.42510952055028 37.804145845815015)"
13154201,VAN NESS,AVE,Van Ness - Civic Center,13154201,"LINESTRING (-122.42157011518768 37.78661896040766, -122.42148428716125 37.786714404053534, -122.42155971627737 37.787087251335215)"
13152201,VAN NESS,AVE,Van Ness - Civic Center,13152201,"LINESTRING (-122.42119297410471 37.78475344651228, -122.42113387187021 37.78487508185472, -122.42121645745772 37.78523262848561)"
13151101,VAN NESS,AVE,Van Ness - Civic Center,13151101,"LINESTRING (-122.42100835981473 37.78382411800338, -122.42109815262765 37.78391523485578, -122.42117098601825 37.78428329154196)"
13149101,VAN NESS,AVE,Van Ness - Civic Center,13149101,"LINESTRING (-122.42063825015363 37.78196076637666, -122.42073809046404 37.78205342306711, -122.4208104577009 37.78241705447779)"
13147101,VAN NESS,AVE,Van Ness - Civic Center,13147101,"LINESTRING (-122.42024718391532 37.78007469638843, -122.42033580048518 37.780189646594664, -122.42049920441583 37.78090930797019, -122.42043951840937 37.78103084199092)"
13144101,VAN NESS,AVE,Van Ness - Civic Center,13144101,"LINESTRING (-122.41950629407681 37.77636887006124, -122.41960336012566 37.776456622269414, -122.41974966582364 37.77719232227259, -122.41969356626672 37.77729985603636)"
13174101,VAN NESS,AVE,Marina,13174101,"LINESTRING (-122.42529856435068 37.80507790272384, -122.42542073828783 37.80516170610228, -122.4255713732031 37.80590437048067, -122.42547727023697 37.80595897750914)"
13171101,VAN NESS,AVE,Marina,13171101,"LINESTRING (-122.42473125894908 37.802280983718006, -122.42485272941619 37.80236114772165, -122.42500401613346 37.80310708107489, -122.42491880376178 37.80320550743709)"
13168101,VAN NESS,AVE,Cow Hollow,13168101,"LINESTRING (-122.42417056462125 37.79948453240279, -122.42429193338627 37.799564713216895, -122.42444301412345 37.80031207020504, -122.42435866786903 37.80041502819474)"
13165101,VAN NESS,AVE,Pacific Heights,13165101,"LINESTRING (-122.4236012971991 37.796691058233826, -122.42372627757698 37.79676646001337, -122.42387665327273 37.79751038078433, -122.42379296454148 37.79761658199946)"
13161101,VAN NESS,AVE,Pacific Heights,13161101,"LINESTRING (-122.42287120210219 37.79305000312237, -122.42299250896541 37.793130238503174, -122.42313263527663 37.79382881237584, -122.42304880317907 37.79393500498809)"
13158101,VAN NESS,AVE,Pacific Heights,13158101,"LINESTRING (-122.42232895508621 37.790369659843634, -122.42245478661886 37.790471874780515, -122.42259861986905 37.7911827530127, -122.422514944422 37.79128889127241)"
13156101,VAN NESS,AVE,Van Ness - Civic Center,13156101,"LINESTRING (-122.42194858448522 37.788489643407324, -122.42206994424063 37.78856977890448, -122.42214537931552 37.78894262389381)"
13173101,VAN NESS,AVE,Marina,13173101,"LINESTRING (-122.42510952055028 37.804145845815015, -122.42523095473764 37.80422600669317, -122.4253821549555 37.804971484325655, -122.42529856435068 37.80507790272384)"
13174201,VAN NESS,AVE,Marina,13174201,"LINESTRING (-122.42529856435068 37.80507790272384, -122.42521528412387 37.80518586535957, -122.42536682737526 37.80593302053677, -122.42547727023697 37.80595897750914)"
13143101,VAN NESS,AVE,Van Ness - Civic Center,13143101,"LINESTRING (-122.41925560574361 37.77514707402592, -122.4193550515166 37.775234232445335, -122.41939688866853 37.77542222092065)"
13155101,VAN NESS,AVE,Van Ness - Civic Center,13155101,"LINESTRING (-122.42175810499197 37.787548139748175, -122.42187947433318 37.787628333117546, -122.4219549063617 37.788001178287516)"
13154202,VAN NESS,AVE,Van Ness - Civic Center,13154202,"LINESTRING (-122.42155971627737 37.787087251335215, -122.42163673364222 37.787467947153196, -122.42175810499197 37.787548139748175)"
13154102,VAN NESS,AVE,Van Ness - Civic Center,13154102,"LINESTRING (-122.42176481216295 37.78706157837255, -122.42184175803528 37.787441910055094, -122.42175810499197 37.787548139748175)"
13154101,VAN NESS,AVE,Van Ness - Civic Center,13154101,"LINESTRING (-122.42157011518768 37.78661896040766, -122.421689382042 37.78668873212108, -122.42176481216295 37.78706157837255)"
13153202,VAN NESS,AVE,Van Ness - Civic Center,13153202,"LINESTRING (-122.42137337422699 37.78616615898708, -122.42144657118361 37.78652798173684, -122.42157011518768 37.78661896040766)"
13153201,VAN NESS,AVE,Van Ness - Civic Center,13153201,"LINESTRING (-122.42139330793205 37.78568580201176, -122.4212979911675 37.78579353587726, -122.42137337422699 37.78616615898708)"
13153101,VAN NESS,AVE,Van Ness - Civic Center,13153101,"LINESTRING (-122.42139330793205 37.78568580201176, -122.42150303824472 37.78576763901408, -122.42165166669801 37.786502308067384, -122.42157011518768 37.78661896040766)"
13152202,VAN NESS,AVE,Van Ness - Civic Center,13152202,"LINESTRING (-122.42121645745772 37.78523262848561, -122.42129978617146 37.78559338532445, -122.42139330793205 37.78568580201176)"
13152102,VAN NESS,AVE,Van Ness - Civic Center,13152102,"LINESTRING (-122.42136006308262 37.78521438397993, -122.42144171761186 37.78556734073601, -122.42139330793205 37.78568580201176)"
13152101,VAN NESS,AVE,Van Ness - Civic Center,13152101,"LINESTRING (-122.42119297410471 37.78475344651228, -122.42127734287823 37.78485681128796, -122.42136006308262 37.78521438397993)"
13151202,VAN NESS,AVE,Van Ness - Civic Center,13151202,"LINESTRING (-122.42101751446991 37.78430272896299, -122.42109929891801 37.784653467888454, -122.42119297410471 37.78475344651228)"